<?xml version="1.0" encoding="UTF-8"?>
<vivadoHLSLog:LogRoot xmlns:vivadoHLSLog="www.xilinx.com/vivadoHLSLog">
  <errorLogs>
    <logs>
      <synLog/>
      <simLog/>
      <mgLog/>
      <packageLog/>
      <csimLog/>
    </logs>
  </errorLogs>
  <warningLogs>
    <logs>
      <synLog>
        <logs message="WARNING: [SYN 201-107] Renaming port name 'convolutional/out' to 'convolutional/out_r' to avoid the conflict with HDL keywords or other object names." projectName="conv_1" solutionName="solution1" date="2019-12-17T22:19:18.593-0800" type="Warning"/>
        <logs message="WARNING: [SYN 201-107] Renaming port name 'convolutional/image' to 'convolutional/image_r' to avoid the conflict with HDL keywords or other object names." projectName="conv_1" solutionName="solution1" date="2019-12-17T22:19:18.583-0800" type="Warning"/>
      </synLog>
      <simLog/>
      <mgLog/>
      <packageLog/>
      <csimLog/>
    </logs>
  </warningLogs>
</vivadoHLSLog:LogRoot>
