{
  "Top": "convolutional",
  "RtlTop": "convolutional",
  "RtlPrefix": "",
  "SourceLanguage": "c",
  "ResetStyle": "control",
  "GenerateBdFiles": "0",
  "HostMachineBits": "64",
  "Target": {
    "Family": "zynq",
    "Device": "xc7z020",
    "Package": "-clg484",
    "Speed": "-1"
  },
  "HlsSolution": {"Config": [
      "config_export -format=ip_catalog",
      "config_export -rtl=verilog"
    ]},
  "Args": {
    "image": {
      "index": "0",
      "type": {
        "kinds": ["array"],
        "dataType": "int",
        "dataWidth": "32",
        "arraySizes": [
          "3",
          "18",
          "18"
        ],
        "multiInterfaceRef": [
          "image_r_address0",
          "image_r_address1",
          "image_r_q0",
          "image_r_q1"
        ]
      }
    },
    "kernal": {
      "index": "1",
      "type": {
        "kinds": ["array"],
        "dataType": "int",
        "dataWidth": "32",
        "arraySizes": [
          "3",
          "3",
          "3",
          "3"
        ],
        "multiInterfaceRef": [
          "kernal_address0",
          "kernal_address1",
          "kernal_q0",
          "kernal_q1"
        ]
      }
    },
    "out": {
      "index": "2",
      "type": {
        "kinds": ["array"],
        "dataType": "int",
        "dataWidth": "32",
        "arraySizes": [
          "3",
          "16",
          "16"
        ],
        "multiInterfaceRef": [
          "out_r_address0",
          "out_r_d0"
        ]
      }
    }
  },
  "Return": {
    
  },
  "ClockInfo": {
    "ClockName": "ap_clk",
    "ClockPeriod": "10",
    "IsCombLogic": "0",
    "II": "x",
    "Latency": "24679",
    "Uncertainty": "1.25"
  },
  "Xdc": {"OocClocks": ["create_clock -name ap_clk -period 10.000 [get_ports ap_clk]"]},
  "Ipx": {
    "Vendor": "xilinx.com",
    "Library": "hls",
    "Name": "convolutional",
    "Version": "1.0",
    "DisplayName": "Convolutional",
    "Revision": "",
    "Description": "An IP generated by Vivado HLS",
    "Taxonomy": "\/VIVADO_HLS_IP",
    "AutoFamilySupport": ""
  },
  "Files": {
    "CSource": ["..\/..\/conv.c"],
    "Vhdl": ["impl\/vhdl\/convolutional.vhd"],
    "Verilog": ["impl\/verilog\/convolutional.v"],
    "Misc": ["impl\/misc\/logo.png"],
    "DesignXml": "D:\/vivado\/project\/C_code\/convolution\/conv_1\/conv_1\/solution1\/.autopilot\/db\/convolutional.design.xml",
    "DebugDir": "D:\/vivado\/project\/C_code\/convolution\/conv_1\/conv_1\/solution1\/.debug",
    "ProtoInst": ["D:\/vivado\/project\/C_code\/convolution\/conv_1\/conv_1\/solution1\/.debug\/convolutional.protoinst"]
  },
  "SubcoreInfo": {
    "HasXpmMemory": false,
    "HasClockedDsp": false,
    "IP": []
  },
  "Interfaces": {
    "ap_clk": {
      "type": "clock",
      "ctype": {"CLK": {"Type": "bool"}},
      "bundle_name": "ap_clk",
      "bundle_role": "default",
      "reset": "ap_rst"
    },
    "ap_ctrl": {
      "type": "ap_ctrl",
      "ctrl_ports": "ap_start ap_done ap_idle ap_ready",
      "ctype": {
        "start": {"Type": "bool"},
        "done": {"Type": "bool"},
        "idle": {"Type": "bool"},
        "ready": {"Type": "bool"}
      }
    },
    "ap_rst": {
      "type": "reset",
      "polarity": "ACTIVE_HIGH",
      "ctype": {"RST": {"Type": "bool"}},
      "bundle_name": "ap_rst",
      "bundle_role": "default"
    },
    "image_r_address0": {
      "type": "data",
      "dir": "out",
      "width": "10",
      "ctype": {"DATA": {
          "Type": "null",
          "Width": "10"
        }},
      "bundle_name": "image_r",
      "bundle_role": "address0"
    },
    "image_r_address1": {
      "type": "data",
      "dir": "out",
      "width": "10",
      "ctype": {"DATA": {
          "Type": "null",
          "Width": "10"
        }},
      "bundle_name": "image_r",
      "bundle_role": "address1"
    },
    "image_r_q0": {
      "type": "data",
      "dir": "in",
      "width": "32",
      "ctype": {"DATA": {
          "Type": "integer signed",
          "Width": "32"
        }},
      "bundle_name": "image_r",
      "bundle_role": "q0"
    },
    "image_r_q1": {
      "type": "data",
      "dir": "in",
      "width": "32",
      "ctype": {"DATA": {
          "Type": "integer signed",
          "Width": "32"
        }},
      "bundle_name": "image_r",
      "bundle_role": "q1"
    },
    "kernal_address0": {
      "type": "data",
      "dir": "out",
      "width": "7",
      "ctype": {"DATA": {
          "Type": "null",
          "Width": "7"
        }},
      "bundle_name": "kernal",
      "bundle_role": "address0"
    },
    "kernal_address1": {
      "type": "data",
      "dir": "out",
      "width": "7",
      "ctype": {"DATA": {
          "Type": "null",
          "Width": "7"
        }},
      "bundle_name": "kernal",
      "bundle_role": "address1"
    },
    "kernal_q0": {
      "type": "data",
      "dir": "in",
      "width": "32",
      "ctype": {"DATA": {
          "Type": "integer signed",
          "Width": "32"
        }},
      "bundle_name": "kernal",
      "bundle_role": "q0"
    },
    "kernal_q1": {
      "type": "data",
      "dir": "in",
      "width": "32",
      "ctype": {"DATA": {
          "Type": "integer signed",
          "Width": "32"
        }},
      "bundle_name": "kernal",
      "bundle_role": "q1"
    },
    "out_r_address0": {
      "type": "data",
      "dir": "out",
      "width": "10",
      "ctype": {"DATA": {
          "Type": "null",
          "Width": "10"
        }},
      "bundle_name": "out_r",
      "bundle_role": "address0"
    },
    "out_r_d0": {
      "type": "data",
      "dir": "out",
      "width": "32",
      "ctype": {"DATA": {
          "Type": "integer signed",
          "Width": "32"
        }},
      "bundle_name": "out_r",
      "bundle_role": "d0"
    }
  },
  "RtlPorts": {
    "ap_clk": {
      "dir": "in",
      "width": "1"
    },
    "ap_rst": {
      "dir": "in",
      "width": "1"
    },
    "ap_start": {
      "dir": "in",
      "width": "1"
    },
    "ap_done": {
      "dir": "out",
      "width": "1"
    },
    "ap_idle": {
      "dir": "out",
      "width": "1"
    },
    "ap_ready": {
      "dir": "out",
      "width": "1"
    },
    "image_r_address0": {
      "dir": "out",
      "width": "10"
    },
    "image_r_ce0": {
      "dir": "out",
      "width": "1"
    },
    "image_r_q0": {
      "dir": "in",
      "width": "32"
    },
    "image_r_address1": {
      "dir": "out",
      "width": "10"
    },
    "image_r_ce1": {
      "dir": "out",
      "width": "1"
    },
    "image_r_q1": {
      "dir": "in",
      "width": "32"
    },
    "kernal_address0": {
      "dir": "out",
      "width": "7"
    },
    "kernal_ce0": {
      "dir": "out",
      "width": "1"
    },
    "kernal_q0": {
      "dir": "in",
      "width": "32"
    },
    "kernal_address1": {
      "dir": "out",
      "width": "7"
    },
    "kernal_ce1": {
      "dir": "out",
      "width": "1"
    },
    "kernal_q1": {
      "dir": "in",
      "width": "32"
    },
    "out_r_address0": {
      "dir": "out",
      "width": "10"
    },
    "out_r_ce0": {
      "dir": "out",
      "width": "1"
    },
    "out_r_we0": {
      "dir": "out",
      "width": "1"
    },
    "out_r_d0": {
      "dir": "out",
      "width": "32"
    }
  },
  "ModuleInfo": {
    "Hierarchy": {"ModuleName": "convolutional"},
    "Info": {"convolutional": {
        "FunctionProtocol": "ap_ctrl_hs",
        "isTaskLevelControl": "1",
        "isPipelined": "0",
        "isCombinational": "0",
        "isOneStateSeq": "0"
      }},
    "Metrics": {"convolutional": {
        "Latency": {
          "LatencyBest": "24679",
          "LatencyAvg": "24679",
          "LatencyWorst": "24679",
          "PipelineII": "24680",
          "PipelineDepth": "",
          "PipelineType": "none"
        },
        "Timing": {
          "Target": "10.00",
          "Uncertainty": "1.25",
          "Estimate": "8.510"
        },
        "Loops": [{
            "Name": "convolutional_label0",
            "TripCount": "3",
            "Latency": "24678",
            "PipelineII": "",
            "PipelineDepth": "8226",
            "Loops": [{
                "Name": "convolutional_label1",
                "TripCount": "16",
                "Latency": "8224",
                "PipelineII": "",
                "PipelineDepth": "514",
                "Loops": [{
                    "Name": "convolutional_label2",
                    "TripCount": "16",
                    "Latency": "512",
                    "PipelineII": "",
                    "PipelineDepth": "32",
                    "Loops": [{
                        "Name": "convolutional_label3",
                        "TripCount": "3",
                        "Latency": "30",
                        "PipelineII": "",
                        "PipelineDepth": "10"
                      }]
                  }]
              }]
          }],
        "Area": {
          "DSP48E": "6",
          "FF": "608",
          "LUT": "1440",
          "BRAM_18K": "0",
          "URAM": "0"
        }
      }}
  },
  "Sdx": {
    "Target": "none",
    "ProfileOption": "0",
    "ProfileType": "none",
    "XO": "",
    "KernelName": "convolutional",
    "EnableXoSwEmu": "1"
  },
  "GenData": {
    "DataVersion": "0.2",
    "Time": "2019-12-17 22:19:22 -0800",
    "ToolName": "vivado_hls",
    "ToolVersion": "2019.1"
  }
}
