<?xml version="1.0" encoding="UTF-8"?>
<project>
  <core name="" type="" target="">
    <kernel name="convolutional" language="c" vlnv="xilinx.com:hls:convolutional:1.0" attributes="" hash="" preferredWorkGroupSizeMultiple="0" workGroupSize="1" debug="false" interrupt="true">
      <port name="S_AXI_CONTROL_BUS" mode="slave" range="0x1000" dataWidth="32" portType="addressable" base="0x00000000"/>
      <arg name="image" addressQualifier="0" id="0" port="S_AXI_CONTROL_BUS" size="0x4" offset="0x1000" hostOffset="0x0" hostSize="0x4" type="int"/>
      <arg name="kernal" addressQualifier="0" id="1" port="S_AXI_CONTROL_BUS" size="0x4" offset="0x2000" hostOffset="0x0" hostSize="0x4" type="int"/>
      <arg name="out" addressQualifier="0" id="2" port="S_AXI_CONTROL_BUS" size="0x4" offset="0x3000" hostOffset="0x0" hostSize="0x4" type="int"/>
      <compileWorkGroupSize x="1" y="1" z="1"/>
    </kernel>
  </core>
</project>
