<stg><name>convolutional</name>


<trans_list>

<trans id="237" from="1" to="2">
<condition id="-1">
<or_exp><and_exp></and_exp></or_exp>
</condition>
</trans>

<trans id="238" from="2" to="3">
<condition id="-1">
<or_exp><and_exp><literal name="icmp_ln83" val="0"/>
</and_exp></or_exp>
</condition>
</trans>

<trans id="239" from="3" to="4">
<condition id="-1">
<or_exp><and_exp><literal name="icmp_ln85" val="0"/>
</and_exp></or_exp>
</condition>
</trans>

<trans id="254" from="3" to="2">
<condition id="-1">
<or_exp><and_exp><literal name="icmp_ln85" val="1"/>
</and_exp></or_exp>
</condition>
</trans>

<trans id="240" from="4" to="5">
<condition id="-1">
<or_exp><and_exp><literal name="icmp_ln87" val="0"/>
</and_exp></or_exp>
</condition>
</trans>

<trans id="253" from="4" to="3">
<condition id="-1">
<or_exp><and_exp><literal name="icmp_ln87" val="1"/>
</and_exp></or_exp>
</condition>
</trans>

<trans id="241" from="5" to="6">
<condition id="-1">
<or_exp><and_exp><literal name="icmp_ln89" val="0"/>
</and_exp></or_exp>
</condition>
</trans>

<trans id="252" from="5" to="4">
<condition id="-1">
<or_exp><and_exp><literal name="icmp_ln89" val="1"/>
</and_exp></or_exp>
</condition>
</trans>

<trans id="243" from="6" to="7">
<condition id="-1">
<or_exp><and_exp></and_exp></or_exp>
</condition>
</trans>

<trans id="244" from="7" to="8">
<condition id="-1">
<or_exp><and_exp></and_exp></or_exp>
</condition>
</trans>

<trans id="245" from="8" to="9">
<condition id="-1">
<or_exp><and_exp></and_exp></or_exp>
</condition>
</trans>

<trans id="246" from="9" to="10">
<condition id="-1">
<or_exp><and_exp></and_exp></or_exp>
</condition>
</trans>

<trans id="247" from="10" to="11">
<condition id="-1">
<or_exp><and_exp></and_exp></or_exp>
</condition>
</trans>

<trans id="248" from="11" to="12">
<condition id="-1">
<or_exp><and_exp></and_exp></or_exp>
</condition>
</trans>

<trans id="249" from="12" to="13">
<condition id="-1">
<or_exp><and_exp></and_exp></or_exp>
</condition>
</trans>

<trans id="250" from="13" to="14">
<condition id="-1">
<or_exp><and_exp></and_exp></or_exp>
</condition>
</trans>

<trans id="251" from="14" to="5">
<condition id="-1">
<or_exp><and_exp></and_exp></or_exp>
</condition>
</trans>
</trans_list>



<state_list>

<state id="1" st_id="1">

<operation id="15" st_id="1" stage="1" lat="1">
<core>NULL</core>
<MemPortIdVec></MemPortIdVec>
<condition id="-1">
<or_exp><and_exp></and_exp></or_exp>
</condition>

<Node id="4" bw="32" op_0_bw="32">
<![CDATA[
:0  %ch_0 = alloca i32

]]></Node>
<StgValue><ssdm name="ch_0"/></StgValue>
</operation>

<operation id="16" st_id="1" stage="1" lat="1">
<core>NULL</core>
<MemPortIdVec></MemPortIdVec>
<condition id="-1">
<or_exp><and_exp></and_exp></or_exp>
</condition>

<Node id="5" bw="32" op_0_bw="32">
<![CDATA[
:1  %row_0 = alloca i32

]]></Node>
<StgValue><ssdm name="row_0"/></StgValue>
</operation>

<operation id="17" st_id="1" stage="1" lat="1">
<core>NULL</core>
<MemPortIdVec></MemPortIdVec>
<condition id="-1">
<or_exp><and_exp></and_exp></or_exp>
</condition>

<Node id="6" bw="32" op_0_bw="32">
<![CDATA[
:2  %col_0 = alloca i32

]]></Node>
<StgValue><ssdm name="col_0"/></StgValue>
</operation>

<operation id="18" st_id="1" stage="1" lat="1">
<core>NULL</core>
<MemPortIdVec></MemPortIdVec>
<condition id="-1">
<or_exp><and_exp></and_exp></or_exp>
</condition>

<Node id="7" bw="0" op_0_bw="0" op_1_bw="32">
<![CDATA[
:3  call void (...)* @_ssdm_op_SpecBitsMap([972 x i32]* %image_r) nounwind, !map !7

]]></Node>
<StgValue><ssdm name="specbitsmap_ln0"/></StgValue>
</operation>

<operation id="19" st_id="1" stage="1" lat="1">
<core>NULL</core>
<MemPortIdVec></MemPortIdVec>
<condition id="-1">
<or_exp><and_exp></and_exp></or_exp>
</condition>

<Node id="8" bw="0" op_0_bw="0" op_1_bw="32">
<![CDATA[
:4  call void (...)* @_ssdm_op_SpecBitsMap([81 x i32]* %kernal) nounwind, !map !14

]]></Node>
<StgValue><ssdm name="specbitsmap_ln0"/></StgValue>
</operation>

<operation id="20" st_id="1" stage="1" lat="1">
<core>NULL</core>
<MemPortIdVec></MemPortIdVec>
<condition id="-1">
<or_exp><and_exp></and_exp></or_exp>
</condition>

<Node id="9" bw="0" op_0_bw="0" op_1_bw="32">
<![CDATA[
:5  call void (...)* @_ssdm_op_SpecBitsMap([768 x i32]* %out_r) nounwind, !map !19

]]></Node>
<StgValue><ssdm name="specbitsmap_ln0"/></StgValue>
</operation>

<operation id="21" st_id="1" stage="1" lat="1">
<core>NULL</core>
<MemPortIdVec></MemPortIdVec>
<condition id="-1">
<or_exp><and_exp></and_exp></or_exp>
</condition>

<Node id="10" bw="0" op_0_bw="0" op_1_bw="0">
<![CDATA[
:6  call void (...)* @_ssdm_op_SpecTopModule([14 x i8]* @convolutional_str) nounwind

]]></Node>
<StgValue><ssdm name="spectopmodule_ln0"/></StgValue>
</operation>

<operation id="22" st_id="1" stage="1" lat="1">
<core>NULL</core>
<MemPortIdVec></MemPortIdVec>
<condition id="-1">
<or_exp><and_exp></and_exp></or_exp>
</condition>

<Node id="11" bw="0" op_0_bw="32" op_1_bw="32">
<![CDATA[
:7  store i32 0, i32* %col_0

]]></Node>
<StgValue><ssdm name="store_ln83"/></StgValue>
</operation>

<operation id="23" st_id="1" stage="1" lat="1">
<core>NULL</core>
<MemPortIdVec></MemPortIdVec>
<condition id="-1">
<or_exp><and_exp></and_exp></or_exp>
</condition>

<Node id="12" bw="0" op_0_bw="32" op_1_bw="32">
<![CDATA[
:8  store i32 0, i32* %row_0

]]></Node>
<StgValue><ssdm name="store_ln83"/></StgValue>
</operation>

<operation id="24" st_id="1" stage="1" lat="1">
<core>NULL</core>
<MemPortIdVec></MemPortIdVec>
<condition id="-1">
<or_exp><and_exp></and_exp></or_exp>
</condition>

<Node id="13" bw="0" op_0_bw="32" op_1_bw="32">
<![CDATA[
:9  store i32 0, i32* %ch_0

]]></Node>
<StgValue><ssdm name="store_ln83"/></StgValue>
</operation>

<operation id="25" st_id="1" stage="1" lat="1">
<core>NULL</core>
<MemPortIdVec></MemPortIdVec>
<condition id="-1">
<or_exp><and_exp></and_exp></or_exp>
</condition>

<Node id="14" bw="0" op_0_bw="0">
<![CDATA[
:10  br label %1

]]></Node>
<StgValue><ssdm name="br_ln83"/></StgValue>
</operation>
</state>

<state id="2" st_id="2">

<operation id="26" st_id="2" stage="1" lat="1">
<core>NULL</core>
<MemPortIdVec></MemPortIdVec>
<condition id="-1">
<or_exp><and_exp></and_exp></or_exp>
</condition>

<Node id="16" bw="2" op_0_bw="2" op_1_bw="0" op_2_bw="2" op_3_bw="0">
<![CDATA[
:0  %k_0 = phi i2 [ 0, %0 ], [ %k, %convolutional_label0_end ]

]]></Node>
<StgValue><ssdm name="k_0"/></StgValue>
</operation>

<operation id="27" st_id="2" stage="1" lat="1">
<core>Cmp</core>
<MemPortIdVec></MemPortIdVec>
<condition id="-1">
<or_exp><and_exp></and_exp></or_exp>
</condition>

<Node id="17" bw="1" op_0_bw="2" op_1_bw="2">
<![CDATA[
:1  %icmp_ln83 = icmp eq i2 %k_0, -1

]]></Node>
<StgValue><ssdm name="icmp_ln83"/></StgValue>
</operation>

<operation id="28" st_id="2" stage="1" lat="1">
<core>NULL</core>
<MemPortIdVec></MemPortIdVec>
<condition id="-1">
<or_exp><and_exp></and_exp></or_exp>
</condition>

<Node id="18" bw="32" op_0_bw="32" op_1_bw="64" op_2_bw="64" op_3_bw="64">
<![CDATA[
:2  %empty = call i32 (...)* @_ssdm_op_SpecLoopTripCount(i64 3, i64 3, i64 3) nounwind

]]></Node>
<StgValue><ssdm name="empty"/></StgValue>
</operation>

<operation id="29" st_id="2" stage="1" lat="1">
<core>AddSub</core>
<MemPortIdVec></MemPortIdVec>
<condition id="-1">
<or_exp><and_exp></and_exp></or_exp>
</condition>

<Node id="19" bw="2" op_0_bw="2" op_1_bw="2">
<![CDATA[
:3  %k = add i2 %k_0, 1

]]></Node>
<StgValue><ssdm name="k"/></StgValue>
</operation>

<operation id="30" st_id="2" stage="1" lat="1">
<core>NULL</core>
<MemPortIdVec></MemPortIdVec>
<condition id="-1">
<or_exp><and_exp></and_exp></or_exp>
</condition>

<Node id="20" bw="0" op_0_bw="1" op_1_bw="0" op_2_bw="0">
<![CDATA[
:4  br i1 %icmp_ln83, label %6, label %convolutional_label0_begin

]]></Node>
<StgValue><ssdm name="br_ln83"/></StgValue>
</operation>

<operation id="31" st_id="2" stage="1" lat="1">
<core>NULL</core>
<MemPortIdVec></MemPortIdVec>
<condition id="-1">
<or_exp><and_exp><literal name="icmp_ln83" val="0"/>
</and_exp></or_exp>
</condition>

<Node id="22" bw="0" op_0_bw="0" op_1_bw="0">
<![CDATA[
convolutional_label0_begin:0  call void (...)* @_ssdm_op_SpecLoopName([21 x i8]* @p_str) nounwind

]]></Node>
<StgValue><ssdm name="specloopname_ln84"/></StgValue>
</operation>

<operation id="32" st_id="2" stage="1" lat="1">
<core>NULL</core>
<MemPortIdVec></MemPortIdVec>
<condition id="-1">
<or_exp><and_exp><literal name="icmp_ln83" val="0"/>
</and_exp></or_exp>
</condition>

<Node id="23" bw="32" op_0_bw="32" op_1_bw="0">
<![CDATA[
convolutional_label0_begin:1  %tmp = call i32 (...)* @_ssdm_op_SpecRegionBegin([21 x i8]* @p_str) nounwind

]]></Node>
<StgValue><ssdm name="tmp"/></StgValue>
</operation>

<operation id="33" st_id="2" stage="1" lat="1">
<core>NULL</core>
<MemPortIdVec></MemPortIdVec>
<condition id="-1">
<or_exp><and_exp><literal name="icmp_ln83" val="0"/>
</and_exp></or_exp>
</condition>

<Node id="24" bw="5" op_0_bw="2">
<![CDATA[
convolutional_label0_begin:2  %zext_ln91 = zext i2 %k_0 to i5

]]></Node>
<StgValue><ssdm name="zext_ln91"/></StgValue>
</operation>

<operation id="34" st_id="2" stage="1" lat="1">
<core>NULL</core>
<MemPortIdVec></MemPortIdVec>
<condition id="-1">
<or_exp><and_exp><literal name="icmp_ln83" val="0"/>
</and_exp></or_exp>
</condition>

<Node id="25" bw="4" op_0_bw="4" op_1_bw="2" op_2_bw="2">
<![CDATA[
convolutional_label0_begin:3  %tmp_3 = call i4 @_ssdm_op_BitConcatenate.i4.i2.i2(i2 %k_0, i2 0)

]]></Node>
<StgValue><ssdm name="tmp_3"/></StgValue>
</operation>

<operation id="35" st_id="2" stage="1" lat="1">
<core>NULL</core>
<MemPortIdVec></MemPortIdVec>
<condition id="-1">
<or_exp><and_exp><literal name="icmp_ln83" val="0"/>
</and_exp></or_exp>
</condition>

<Node id="26" bw="5" op_0_bw="4">
<![CDATA[
convolutional_label0_begin:4  %zext_ln91_1 = zext i4 %tmp_3 to i5

]]></Node>
<StgValue><ssdm name="zext_ln91_1"/></StgValue>
</operation>

<operation id="36" st_id="2" stage="1" lat="1">
<core>AddSub</core>
<MemPortIdVec></MemPortIdVec>
<condition id="-1">
<or_exp><and_exp><literal name="icmp_ln83" val="0"/>
</and_exp></or_exp>
</condition>

<Node id="27" bw="5" op_0_bw="5" op_1_bw="5">
<![CDATA[
convolutional_label0_begin:5  %sub_ln91 = sub i5 %zext_ln91_1, %zext_ln91

]]></Node>
<StgValue><ssdm name="sub_ln91"/></StgValue>
</operation>

<operation id="37" st_id="2" stage="1" lat="1">
<core>NULL</core>
<MemPortIdVec></MemPortIdVec>
<condition id="-1">
<or_exp><and_exp><literal name="icmp_ln83" val="0"/>
</and_exp></or_exp>
</condition>

<Node id="28" bw="6" op_0_bw="5">
<![CDATA[
convolutional_label0_begin:6  %sext_ln91 = sext i5 %sub_ln91 to i6

]]></Node>
<StgValue><ssdm name="sext_ln91"/></StgValue>
</operation>

<operation id="38" st_id="2" stage="1" lat="1">
<core>NULL</core>
<MemPortIdVec></MemPortIdVec>
<condition id="-1">
<or_exp><and_exp><literal name="icmp_ln83" val="0"/>
</and_exp></or_exp>
</condition>

<Node id="29" bw="0" op_0_bw="0">
<![CDATA[
convolutional_label0_begin:7  br label %2

]]></Node>
<StgValue><ssdm name="br_ln85"/></StgValue>
</operation>

<operation id="39" st_id="2" stage="1" lat="1">
<core>NULL</core>
<MemPortIdVec></MemPortIdVec>
<condition id="-1">
<or_exp><and_exp><literal name="icmp_ln83" val="1"/>
</and_exp></or_exp>
</condition>

<Node id="219" bw="0">
<![CDATA[
:0  ret void

]]></Node>
<StgValue><ssdm name="ret_ln115"/></StgValue>
</operation>
</state>

<state id="3" st_id="3">

<operation id="40" st_id="3" stage="1" lat="1">
<core>NULL</core>
<MemPortIdVec></MemPortIdVec>
<condition id="-1">
<or_exp><and_exp></and_exp></or_exp>
</condition>

<Node id="31" bw="5" op_0_bw="5" op_1_bw="0" op_2_bw="5" op_3_bw="0">
<![CDATA[
:0  %ax_0 = phi i5 [ 1, %convolutional_label0_begin ], [ %ax, %convolutional_label1_end ]

]]></Node>
<StgValue><ssdm name="ax_0"/></StgValue>
</operation>

<operation id="41" st_id="3" stage="1" lat="1">
<core>Cmp</core>
<MemPortIdVec></MemPortIdVec>
<condition id="-1">
<or_exp><and_exp></and_exp></or_exp>
</condition>

<Node id="32" bw="1" op_0_bw="5" op_1_bw="5">
<![CDATA[
:1  %icmp_ln85 = icmp eq i5 %ax_0, -15

]]></Node>
<StgValue><ssdm name="icmp_ln85"/></StgValue>
</operation>

<operation id="42" st_id="3" stage="1" lat="1">
<core>NULL</core>
<MemPortIdVec></MemPortIdVec>
<condition id="-1">
<or_exp><and_exp></and_exp></or_exp>
</condition>

<Node id="33" bw="32" op_0_bw="32" op_1_bw="64" op_2_bw="64" op_3_bw="64">
<![CDATA[
:2  %empty_2 = call i32 (...)* @_ssdm_op_SpecLoopTripCount(i64 16, i64 16, i64 16) nounwind

]]></Node>
<StgValue><ssdm name="empty_2"/></StgValue>
</operation>

<operation id="43" st_id="3" stage="1" lat="1">
<core>NULL</core>
<MemPortIdVec></MemPortIdVec>
<condition id="-1">
<or_exp><and_exp></and_exp></or_exp>
</condition>

<Node id="34" bw="0" op_0_bw="1" op_1_bw="0" op_2_bw="0">
<![CDATA[
:3  br i1 %icmp_ln85, label %convolutional_label0_end, label %convolutional_label1_begin

]]></Node>
<StgValue><ssdm name="br_ln85"/></StgValue>
</operation>

<operation id="44" st_id="3" stage="1" lat="1">
<core>NULL</core>
<MemPortIdVec></MemPortIdVec>
<condition id="-1">
<or_exp><and_exp><literal name="icmp_ln85" val="0"/>
</and_exp></or_exp>
</condition>

<Node id="36" bw="0" op_0_bw="0" op_1_bw="0">
<![CDATA[
convolutional_label1_begin:0  call void (...)* @_ssdm_op_SpecLoopName([21 x i8]* @p_str1) nounwind

]]></Node>
<StgValue><ssdm name="specloopname_ln86"/></StgValue>
</operation>

<operation id="45" st_id="3" stage="1" lat="1">
<core>NULL</core>
<MemPortIdVec></MemPortIdVec>
<condition id="-1">
<or_exp><and_exp><literal name="icmp_ln85" val="0"/>
</and_exp></or_exp>
</condition>

<Node id="37" bw="32" op_0_bw="32" op_1_bw="0">
<![CDATA[
convolutional_label1_begin:1  %tmp_1 = call i32 (...)* @_ssdm_op_SpecRegionBegin([21 x i8]* @p_str1) nounwind

]]></Node>
<StgValue><ssdm name="tmp_1"/></StgValue>
</operation>

<operation id="46" st_id="3" stage="1" lat="1">
<core>AddSub</core>
<MemPortIdVec></MemPortIdVec>
<condition id="-1">
<or_exp><and_exp><literal name="icmp_ln85" val="0"/>
</and_exp></or_exp>
</condition>

<Node id="38" bw="5" op_0_bw="5" op_1_bw="5">
<![CDATA[
convolutional_label1_begin:2  %add_ln91 = add i5 %ax_0, -1

]]></Node>
<StgValue><ssdm name="add_ln91"/></StgValue>
</operation>

<operation id="47" st_id="3" stage="1" lat="1">
<core>NULL</core>
<MemPortIdVec></MemPortIdVec>
<condition id="-1">
<or_exp><and_exp><literal name="icmp_ln85" val="0"/>
</and_exp></or_exp>
</condition>

<Node id="39" bw="7" op_0_bw="5">
<![CDATA[
convolutional_label1_begin:3  %zext_ln91_2 = zext i5 %add_ln91 to i7

]]></Node>
<StgValue><ssdm name="zext_ln91_2"/></StgValue>
</operation>

<operation id="48" st_id="3" stage="1" lat="1">
<core>NULL</core>
<MemPortIdVec></MemPortIdVec>
<condition id="-1">
<or_exp><and_exp><literal name="icmp_ln85" val="0"/>
</and_exp></or_exp>
</condition>

<Node id="40" bw="7" op_0_bw="5">
<![CDATA[
convolutional_label1_begin:4  %zext_ln91_3 = zext i5 %ax_0 to i7

]]></Node>
<StgValue><ssdm name="zext_ln91_3"/></StgValue>
</operation>

<operation id="49" st_id="3" stage="1" lat="1">
<core>AddSub</core>
<MemPortIdVec></MemPortIdVec>
<condition id="-1">
<or_exp><and_exp><literal name="icmp_ln85" val="0"/>
</and_exp></or_exp>
</condition>

<Node id="41" bw="5" op_0_bw="5" op_1_bw="5">
<![CDATA[
convolutional_label1_begin:5  %ax = add i5 %ax_0, 1

]]></Node>
<StgValue><ssdm name="ax"/></StgValue>
</operation>

<operation id="50" st_id="3" stage="1" lat="1">
<core>NULL</core>
<MemPortIdVec></MemPortIdVec>
<condition id="-1">
<or_exp><and_exp><literal name="icmp_ln85" val="0"/>
</and_exp></or_exp>
</condition>

<Node id="42" bw="7" op_0_bw="5">
<![CDATA[
convolutional_label1_begin:6  %zext_ln87 = zext i5 %ax to i7

]]></Node>
<StgValue><ssdm name="zext_ln87"/></StgValue>
</operation>

<operation id="51" st_id="3" stage="1" lat="1">
<core>NULL</core>
<MemPortIdVec></MemPortIdVec>
<condition id="-1">
<or_exp><and_exp><literal name="icmp_ln85" val="0"/>
</and_exp></or_exp>
</condition>

<Node id="43" bw="0" op_0_bw="0">
<![CDATA[
convolutional_label1_begin:7  br label %3

]]></Node>
<StgValue><ssdm name="br_ln87"/></StgValue>
</operation>

<operation id="52" st_id="3" stage="1" lat="1">
<core>NULL</core>
<MemPortIdVec></MemPortIdVec>
<condition id="-1">
<or_exp><and_exp><literal name="icmp_ln85" val="1"/>
</and_exp></or_exp>
</condition>

<Node id="216" bw="32" op_0_bw="32" op_1_bw="0" op_2_bw="32">
<![CDATA[
convolutional_label0_end:0  %empty_7 = call i32 (...)* @_ssdm_op_SpecRegionEnd([21 x i8]* @p_str, i32 %tmp) nounwind

]]></Node>
<StgValue><ssdm name="empty_7"/></StgValue>
</operation>

<operation id="53" st_id="3" stage="1" lat="1">
<core>NULL</core>
<MemPortIdVec></MemPortIdVec>
<condition id="-1">
<or_exp><and_exp><literal name="icmp_ln85" val="1"/>
</and_exp></or_exp>
</condition>

<Node id="217" bw="0" op_0_bw="0">
<![CDATA[
convolutional_label0_end:1  br label %1

]]></Node>
<StgValue><ssdm name="br_ln83"/></StgValue>
</operation>
</state>

<state id="4" st_id="4">

<operation id="54" st_id="4" stage="1" lat="1">
<core>NULL</core>
<MemPortIdVec></MemPortIdVec>
<condition id="-1">
<or_exp><and_exp></and_exp></or_exp>
</condition>

<Node id="45" bw="5" op_0_bw="5" op_1_bw="0" op_2_bw="5" op_3_bw="0">
<![CDATA[
:0  %ay_0 = phi i5 [ 1, %convolutional_label1_begin ], [ %ay, %convolutional_label2_end ]

]]></Node>
<StgValue><ssdm name="ay_0"/></StgValue>
</operation>

<operation id="55" st_id="4" stage="1" lat="1">
<core>Cmp</core>
<MemPortIdVec></MemPortIdVec>
<condition id="-1">
<or_exp><and_exp></and_exp></or_exp>
</condition>

<Node id="46" bw="1" op_0_bw="5" op_1_bw="5">
<![CDATA[
:1  %icmp_ln87 = icmp eq i5 %ay_0, -15

]]></Node>
<StgValue><ssdm name="icmp_ln87"/></StgValue>
</operation>

<operation id="56" st_id="4" stage="1" lat="1">
<core>NULL</core>
<MemPortIdVec></MemPortIdVec>
<condition id="-1">
<or_exp><and_exp></and_exp></or_exp>
</condition>

<Node id="47" bw="32" op_0_bw="32" op_1_bw="64" op_2_bw="64" op_3_bw="64">
<![CDATA[
:2  %empty_3 = call i32 (...)* @_ssdm_op_SpecLoopTripCount(i64 16, i64 16, i64 16) nounwind

]]></Node>
<StgValue><ssdm name="empty_3"/></StgValue>
</operation>

<operation id="57" st_id="4" stage="1" lat="1">
<core>NULL</core>
<MemPortIdVec></MemPortIdVec>
<condition id="-1">
<or_exp><and_exp></and_exp></or_exp>
</condition>

<Node id="48" bw="0" op_0_bw="1" op_1_bw="0" op_2_bw="0">
<![CDATA[
:3  br i1 %icmp_ln87, label %convolutional_label1_end, label %convolutional_label2_begin

]]></Node>
<StgValue><ssdm name="br_ln87"/></StgValue>
</operation>

<operation id="58" st_id="4" stage="1" lat="1">
<core>NULL</core>
<MemPortIdVec></MemPortIdVec>
<condition id="-1">
<or_exp><and_exp><literal name="icmp_ln87" val="0"/>
</and_exp></or_exp>
</condition>

<Node id="50" bw="0" op_0_bw="0" op_1_bw="0">
<![CDATA[
convolutional_label2_begin:0  call void (...)* @_ssdm_op_SpecLoopName([21 x i8]* @p_str2) nounwind

]]></Node>
<StgValue><ssdm name="specloopname_ln88"/></StgValue>
</operation>

<operation id="59" st_id="4" stage="1" lat="1">
<core>NULL</core>
<MemPortIdVec></MemPortIdVec>
<condition id="-1">
<or_exp><and_exp><literal name="icmp_ln87" val="0"/>
</and_exp></or_exp>
</condition>

<Node id="51" bw="32" op_0_bw="32" op_1_bw="0">
<![CDATA[
convolutional_label2_begin:1  %tmp_2 = call i32 (...)* @_ssdm_op_SpecRegionBegin([21 x i8]* @p_str2) nounwind

]]></Node>
<StgValue><ssdm name="tmp_2"/></StgValue>
</operation>

<operation id="60" st_id="4" stage="1" lat="1">
<core>AddSub</core>
<MemPortIdVec></MemPortIdVec>
<condition id="-1">
<or_exp><and_exp><literal name="icmp_ln87" val="0"/>
</and_exp></or_exp>
</condition>

<Node id="52" bw="5" op_0_bw="5" op_1_bw="5">
<![CDATA[
convolutional_label2_begin:2  %add_ln91_2 = add i5 %ay_0, -1

]]></Node>
<StgValue><ssdm name="add_ln91_2"/></StgValue>
</operation>

<operation id="61" st_id="4" stage="1" lat="1">
<core>NULL</core>
<MemPortIdVec></MemPortIdVec>
<condition id="-1">
<or_exp><and_exp><literal name="icmp_ln87" val="0"/>
</and_exp></or_exp>
</condition>

<Node id="53" bw="11" op_0_bw="5">
<![CDATA[
convolutional_label2_begin:3  %zext_ln91_4 = zext i5 %add_ln91_2 to i11

]]></Node>
<StgValue><ssdm name="zext_ln91_4"/></StgValue>
</operation>

<operation id="62" st_id="4" stage="1" lat="1">
<core>NULL</core>
<MemPortIdVec></MemPortIdVec>
<condition id="-1">
<or_exp><and_exp><literal name="icmp_ln87" val="0"/>
</and_exp></or_exp>
</condition>

<Node id="54" bw="11" op_0_bw="5">
<![CDATA[
convolutional_label2_begin:4  %zext_ln91_5 = zext i5 %ay_0 to i11

]]></Node>
<StgValue><ssdm name="zext_ln91_5"/></StgValue>
</operation>

<operation id="63" st_id="4" stage="1" lat="1">
<core>AddSub</core>
<MemPortIdVec></MemPortIdVec>
<condition id="-1">
<or_exp><and_exp><literal name="icmp_ln87" val="0"/>
</and_exp></or_exp>
</condition>

<Node id="55" bw="5" op_0_bw="5" op_1_bw="5">
<![CDATA[
convolutional_label2_begin:5  %ay = add i5 %ay_0, 1

]]></Node>
<StgValue><ssdm name="ay"/></StgValue>
</operation>

<operation id="64" st_id="4" stage="1" lat="1">
<core>NULL</core>
<MemPortIdVec></MemPortIdVec>
<condition id="-1">
<or_exp><and_exp><literal name="icmp_ln87" val="0"/>
</and_exp></or_exp>
</condition>

<Node id="56" bw="11" op_0_bw="5">
<![CDATA[
convolutional_label2_begin:6  %zext_ln89 = zext i5 %ay to i11

]]></Node>
<StgValue><ssdm name="zext_ln89"/></StgValue>
</operation>

<operation id="65" st_id="4" stage="1" lat="1">
<core>NULL</core>
<MemPortIdVec></MemPortIdVec>
<condition id="-1">
<or_exp><and_exp><literal name="icmp_ln87" val="0"/>
</and_exp></or_exp>
</condition>

<Node id="57" bw="0" op_0_bw="0">
<![CDATA[
convolutional_label2_begin:7  br label %4

]]></Node>
<StgValue><ssdm name="br_ln89"/></StgValue>
</operation>

<operation id="66" st_id="4" stage="1" lat="1">
<core>NULL</core>
<MemPortIdVec></MemPortIdVec>
<condition id="-1">
<or_exp><and_exp><literal name="icmp_ln87" val="1"/>
</and_exp></or_exp>
</condition>

<Node id="213" bw="32" op_0_bw="32" op_1_bw="0" op_2_bw="32">
<![CDATA[
convolutional_label1_end:0  %empty_6 = call i32 (...)* @_ssdm_op_SpecRegionEnd([21 x i8]* @p_str1, i32 %tmp_1) nounwind

]]></Node>
<StgValue><ssdm name="empty_6"/></StgValue>
</operation>

<operation id="67" st_id="4" stage="1" lat="1">
<core>NULL</core>
<MemPortIdVec></MemPortIdVec>
<condition id="-1">
<or_exp><and_exp><literal name="icmp_ln87" val="1"/>
</and_exp></or_exp>
</condition>

<Node id="214" bw="0" op_0_bw="0">
<![CDATA[
convolutional_label1_end:1  br label %2

]]></Node>
<StgValue><ssdm name="br_ln85"/></StgValue>
</operation>
</state>

<state id="5" st_id="5">

<operation id="68" st_id="5" stage="1" lat="1">
<core>NULL</core>
<MemPortIdVec></MemPortIdVec>
<condition id="-1">
<or_exp><and_exp></and_exp></or_exp>
</condition>

<Node id="59" bw="32" op_0_bw="32" op_1_bw="0" op_2_bw="32" op_3_bw="0">
<![CDATA[
:0  %temp_3 = phi i32 [ 0, %convolutional_label2_begin ], [ %temp, %5 ]

]]></Node>
<StgValue><ssdm name="temp_3"/></StgValue>
</operation>

<operation id="69" st_id="5" stage="1" lat="1">
<core>NULL</core>
<MemPortIdVec></MemPortIdVec>
<condition id="-1">
<or_exp><and_exp></and_exp></or_exp>
</condition>

<Node id="60" bw="2" op_0_bw="2" op_1_bw="0" op_2_bw="2" op_3_bw="0">
<![CDATA[
:1  %c_0 = phi i2 [ 0, %convolutional_label2_begin ], [ %c, %5 ]

]]></Node>
<StgValue><ssdm name="c_0"/></StgValue>
</operation>

<operation id="70" st_id="5" stage="1" lat="1">
<core>Cmp</core>
<MemPortIdVec></MemPortIdVec>
<condition id="-1">
<or_exp><and_exp></and_exp></or_exp>
</condition>

<Node id="61" bw="1" op_0_bw="2" op_1_bw="2">
<![CDATA[
:2  %icmp_ln89 = icmp eq i2 %c_0, -1

]]></Node>
<StgValue><ssdm name="icmp_ln89"/></StgValue>
</operation>

<operation id="71" st_id="5" stage="1" lat="1">
<core>NULL</core>
<MemPortIdVec></MemPortIdVec>
<condition id="-1">
<or_exp><and_exp></and_exp></or_exp>
</condition>

<Node id="62" bw="32" op_0_bw="32" op_1_bw="64" op_2_bw="64" op_3_bw="64">
<![CDATA[
:3  %empty_4 = call i32 (...)* @_ssdm_op_SpecLoopTripCount(i64 3, i64 3, i64 3) nounwind

]]></Node>
<StgValue><ssdm name="empty_4"/></StgValue>
</operation>

<operation id="72" st_id="5" stage="1" lat="1">
<core>AddSub</core>
<MemPortIdVec></MemPortIdVec>
<condition id="-1">
<or_exp><and_exp></and_exp></or_exp>
</condition>

<Node id="63" bw="2" op_0_bw="2" op_1_bw="2">
<![CDATA[
:4  %c = add i2 %c_0, 1

]]></Node>
<StgValue><ssdm name="c"/></StgValue>
</operation>

<operation id="73" st_id="5" stage="1" lat="1">
<core>NULL</core>
<MemPortIdVec></MemPortIdVec>
<condition id="-1">
<or_exp><and_exp></and_exp></or_exp>
</condition>

<Node id="64" bw="0" op_0_bw="1" op_1_bw="0" op_2_bw="0">
<![CDATA[
:5  br i1 %icmp_ln89, label %convolutional_label2_end, label %5

]]></Node>
<StgValue><ssdm name="br_ln89"/></StgValue>
</operation>

<operation id="74" st_id="5" stage="1" lat="1">
<core>NULL</core>
<MemPortIdVec></MemPortIdVec>
<condition id="-1">
<or_exp><and_exp><literal name="icmp_ln89" val="0"/>
</and_exp></or_exp>
</condition>

<Node id="67" bw="6" op_0_bw="2">
<![CDATA[
:1  %zext_ln91_6 = zext i2 %c_0 to i6

]]></Node>
<StgValue><ssdm name="zext_ln91_6"/></StgValue>
</operation>

<operation id="75" st_id="5" stage="1" lat="1">
<core>NULL</core>
<MemPortIdVec></MemPortIdVec>
<condition id="-1">
<or_exp><and_exp><literal name="icmp_ln89" val="0"/>
</and_exp></or_exp>
</condition>

<Node id="68" bw="6" op_0_bw="6" op_1_bw="2" op_2_bw="4">
<![CDATA[
:2  %tmp_7 = call i6 @_ssdm_op_BitConcatenate.i6.i2.i4(i2 %c_0, i4 0)

]]></Node>
<StgValue><ssdm name="tmp_7"/></StgValue>
</operation>

<operation id="76" st_id="5" stage="1" lat="1">
<core>NULL</core>
<MemPortIdVec></MemPortIdVec>
<condition id="-1">
<or_exp><and_exp><literal name="icmp_ln89" val="0"/>
</and_exp></or_exp>
</condition>

<Node id="69" bw="7" op_0_bw="6">
<![CDATA[
:3  %zext_ln91_7 = zext i6 %tmp_7 to i7

]]></Node>
<StgValue><ssdm name="zext_ln91_7"/></StgValue>
</operation>

<operation id="77" st_id="5" stage="1" lat="1">
<core>NULL</core>
<MemPortIdVec></MemPortIdVec>
<condition id="-1">
<or_exp><and_exp><literal name="icmp_ln89" val="0"/>
</and_exp></or_exp>
</condition>

<Node id="70" bw="3" op_0_bw="3" op_1_bw="2" op_2_bw="1">
<![CDATA[
:4  %tmp_8 = call i3 @_ssdm_op_BitConcatenate.i3.i2.i1(i2 %c_0, i1 false)

]]></Node>
<StgValue><ssdm name="tmp_8"/></StgValue>
</operation>

<operation id="78" st_id="5" stage="1" lat="1">
<core>NULL</core>
<MemPortIdVec></MemPortIdVec>
<condition id="-1">
<or_exp><and_exp><literal name="icmp_ln89" val="0"/>
</and_exp></or_exp>
</condition>

<Node id="71" bw="7" op_0_bw="3">
<![CDATA[
:5  %zext_ln91_8 = zext i3 %tmp_8 to i7

]]></Node>
<StgValue><ssdm name="zext_ln91_8"/></StgValue>
</operation>

<operation id="79" st_id="5" stage="1" lat="1">
<core>AddSub</core>
<MemPortIdVec></MemPortIdVec>
<condition id="-1">
<or_exp><and_exp><literal name="icmp_ln89" val="0"/>
</and_exp></or_exp>
</condition>

<Node id="72" bw="7" op_0_bw="7" op_1_bw="7">
<![CDATA[
:6  %add_ln91_12 = add i7 %zext_ln91_8, %zext_ln91_7

]]></Node>
<StgValue><ssdm name="add_ln91_12"/></StgValue>
</operation>

<operation id="80" st_id="5" stage="1" lat="1">
<core>AddSub</core>
<MemPortIdVec></MemPortIdVec>
<condition id="-1">
<or_exp><and_exp><literal name="icmp_ln89" val="0"/>
</and_exp></or_exp>
</condition>

<Node id="73" bw="7" op_0_bw="7" op_1_bw="7">
<![CDATA[
:7  %add_ln91_13 = add i7 %add_ln91_12, %zext_ln91_2

]]></Node>
<StgValue><ssdm name="add_ln91_13"/></StgValue>
</operation>

<operation id="81" st_id="5" stage="1" lat="1">
<core>AddSub</core>
<MemPortIdVec></MemPortIdVec>
<condition id="-1">
<or_exp><and_exp><literal name="icmp_ln89" val="0"/>
</and_exp></or_exp>
</condition>

<Node id="87" bw="7" op_0_bw="7" op_1_bw="7">
<![CDATA[
:21  %add_ln91_18 = add i7 %add_ln91_12, %zext_ln91_3

]]></Node>
<StgValue><ssdm name="add_ln91_18"/></StgValue>
</operation>

<operation id="82" st_id="5" stage="1" lat="1">
<core>AddSub</core>
<MemPortIdVec></MemPortIdVec>
<condition id="-1">
<or_exp><and_exp><literal name="icmp_ln89" val="0"/>
</and_exp></or_exp>
</condition>

<Node id="101" bw="7" op_0_bw="7" op_1_bw="7">
<![CDATA[
:35  %add_ln91_23 = add i7 %add_ln91_12, %zext_ln87

]]></Node>
<StgValue><ssdm name="add_ln91_23"/></StgValue>
</operation>

<operation id="83" st_id="5" stage="1" lat="1">
<core>AddSub</core>
<MemPortIdVec></MemPortIdVec>
<condition id="-1">
<or_exp><and_exp><literal name="icmp_ln89" val="0"/>
</and_exp></or_exp>
</condition>

<Node id="115" bw="6" op_0_bw="6" op_1_bw="6">
<![CDATA[
:49  %add_ln91_28 = add i6 %sext_ln91, %zext_ln91_6

]]></Node>
<StgValue><ssdm name="add_ln91_28"/></StgValue>
</operation>

<operation id="84" st_id="5" stage="1" lat="1">
<core>NULL</core>
<MemPortIdVec></MemPortIdVec>
<condition id="-1">
<or_exp><and_exp><literal name="icmp_ln89" val="0"/>
</and_exp></or_exp>
</condition>

<Node id="116" bw="8" op_0_bw="6">
<![CDATA[
:50  %sext_ln91_1 = sext i6 %add_ln91_28 to i8

]]></Node>
<StgValue><ssdm name="sext_ln91_1"/></StgValue>
</operation>

<operation id="85" st_id="5" stage="1" lat="1">
<core>NULL</core>
<MemPortIdVec></MemPortIdVec>
<condition id="-1">
<or_exp><and_exp><literal name="icmp_ln89" val="0"/>
</and_exp></or_exp>
</condition>

<Node id="117" bw="5" op_0_bw="6">
<![CDATA[
:51  %trunc_ln91 = trunc i6 %add_ln91_28 to i5

]]></Node>
<StgValue><ssdm name="trunc_ln91"/></StgValue>
</operation>

<operation id="86" st_id="5" stage="1" lat="1">
<core>NULL</core>
<MemPortIdVec></MemPortIdVec>
<condition id="-1">
<or_exp><and_exp><literal name="icmp_ln89" val="0"/>
</and_exp></or_exp>
</condition>

<Node id="118" bw="8" op_0_bw="8" op_1_bw="5" op_2_bw="3">
<![CDATA[
:52  %p_shl1_cast = call i8 @_ssdm_op_BitConcatenate.i8.i5.i3(i5 %trunc_ln91, i3 0)

]]></Node>
<StgValue><ssdm name="p_shl1_cast"/></StgValue>
</operation>

<operation id="87" st_id="5" stage="1" lat="1">
<core>AddSub</core>
<MemPortIdVec></MemPortIdVec>
<condition id="-1">
<or_exp><and_exp><literal name="icmp_ln89" val="0"/>
</and_exp></or_exp>
</condition>

<Node id="119" bw="8" op_0_bw="8" op_1_bw="8">
<![CDATA[
:53  %add_ln91_29 = add i8 %sext_ln91_1, %p_shl1_cast

]]></Node>
<StgValue><ssdm name="add_ln91_29"/></StgValue>
</operation>

<operation id="88" st_id="5" stage="1" lat="1">
<core>NULL</core>
<MemPortIdVec></MemPortIdVec>
<condition id="-1">
<or_exp><and_exp><literal name="icmp_ln89" val="1"/>
</and_exp></or_exp>
</condition>

<Node id="184" bw="32" op_0_bw="32" op_1_bw="0">
<![CDATA[
convolutional_label2_end:0  %ch_0_load = load i32* %ch_0

]]></Node>
<StgValue><ssdm name="ch_0_load"/></StgValue>
</operation>

<operation id="89" st_id="5" stage="1" lat="1">
<core>NULL</core>
<MemPortIdVec></MemPortIdVec>
<condition id="-1">
<or_exp><and_exp><literal name="icmp_ln89" val="1"/>
</and_exp></or_exp>
</condition>

<Node id="185" bw="32" op_0_bw="32" op_1_bw="0">
<![CDATA[
convolutional_label2_end:1  %row_0_load = load i32* %row_0

]]></Node>
<StgValue><ssdm name="row_0_load"/></StgValue>
</operation>

<operation id="90" st_id="5" stage="1" lat="1">
<core>NULL</core>
<MemPortIdVec></MemPortIdVec>
<condition id="-1">
<or_exp><and_exp><literal name="icmp_ln89" val="1"/>
</and_exp></or_exp>
</condition>

<Node id="186" bw="32" op_0_bw="32" op_1_bw="0">
<![CDATA[
convolutional_label2_end:2  %col_0_load = load i32* %col_0

]]></Node>
<StgValue><ssdm name="col_0_load"/></StgValue>
</operation>

<operation id="91" st_id="5" stage="1" lat="1">
<core>NULL</core>
<MemPortIdVec></MemPortIdVec>
<condition id="-1">
<or_exp><and_exp><literal name="icmp_ln89" val="1"/>
</and_exp></or_exp>
</condition>

<Node id="187" bw="11" op_0_bw="32">
<![CDATA[
convolutional_label2_end:3  %trunc_ln96 = trunc i32 %col_0_load to i11

]]></Node>
<StgValue><ssdm name="trunc_ln96"/></StgValue>
</operation>

<operation id="92" st_id="5" stage="1" lat="1">
<core>NULL</core>
<MemPortIdVec></MemPortIdVec>
<condition id="-1">
<or_exp><and_exp><literal name="icmp_ln89" val="1"/>
</and_exp></or_exp>
</condition>

<Node id="188" bw="7" op_0_bw="32">
<![CDATA[
convolutional_label2_end:4  %trunc_ln96_1 = trunc i32 %row_0_load to i7

]]></Node>
<StgValue><ssdm name="trunc_ln96_1"/></StgValue>
</operation>

<operation id="93" st_id="5" stage="1" lat="1">
<core>NULL</core>
<MemPortIdVec></MemPortIdVec>
<condition id="-1">
<or_exp><and_exp><literal name="icmp_ln89" val="1"/>
</and_exp></or_exp>
</condition>

<Node id="189" bw="3" op_0_bw="32">
<![CDATA[
convolutional_label2_end:5  %trunc_ln96_2 = trunc i32 %ch_0_load to i3

]]></Node>
<StgValue><ssdm name="trunc_ln96_2"/></StgValue>
</operation>

<operation id="94" st_id="5" stage="1" lat="1">
<core>NULL</core>
<MemPortIdVec></MemPortIdVec>
<condition id="-1">
<or_exp><and_exp><literal name="icmp_ln89" val="1"/>
</and_exp></or_exp>
</condition>

<Node id="190" bw="7" op_0_bw="7" op_1_bw="3" op_2_bw="4">
<![CDATA[
convolutional_label2_end:6  %sext_ln96_2_cast = call i7 @_ssdm_op_BitConcatenate.i7.i3.i4(i3 %trunc_ln96_2, i4 0)

]]></Node>
<StgValue><ssdm name="sext_ln96_2_cast"/></StgValue>
</operation>

<operation id="95" st_id="5" stage="1" lat="1">
<core>AddSub</core>
<MemPortIdVec></MemPortIdVec>
<condition id="-1">
<or_exp><and_exp><literal name="icmp_ln89" val="1"/>
</and_exp></or_exp>
</condition>

<Node id="191" bw="7" op_0_bw="7" op_1_bw="7">
<![CDATA[
convolutional_label2_end:7  %add_ln96 = add i7 %trunc_ln96_1, %sext_ln96_2_cast

]]></Node>
<StgValue><ssdm name="add_ln96"/></StgValue>
</operation>

<operation id="96" st_id="5" stage="1" lat="1">
<core>NULL</core>
<MemPortIdVec></MemPortIdVec>
<condition id="-1">
<or_exp><and_exp><literal name="icmp_ln89" val="1"/>
</and_exp></or_exp>
</condition>

<Node id="192" bw="11" op_0_bw="11" op_1_bw="7" op_2_bw="4">
<![CDATA[
convolutional_label2_end:8  %tmp_6_cast = call i11 @_ssdm_op_BitConcatenate.i11.i7.i4(i7 %add_ln96, i4 0)

]]></Node>
<StgValue><ssdm name="tmp_6_cast"/></StgValue>
</operation>

<operation id="97" st_id="5" stage="1" lat="1">
<core>AddSub</core>
<MemPortIdVec></MemPortIdVec>
<condition id="-1">
<or_exp><and_exp><literal name="icmp_ln89" val="1"/>
</and_exp></or_exp>
</condition>

<Node id="193" bw="11" op_0_bw="11" op_1_bw="11">
<![CDATA[
convolutional_label2_end:9  %add_ln96_1 = add i11 %trunc_ln96, %tmp_6_cast

]]></Node>
<StgValue><ssdm name="add_ln96_1"/></StgValue>
</operation>

<operation id="98" st_id="5" stage="1" lat="1">
<core>NULL</core>
<MemPortIdVec></MemPortIdVec>
<condition id="-1">
<or_exp><and_exp><literal name="icmp_ln89" val="1"/>
</and_exp></or_exp>
</condition>

<Node id="194" bw="64" op_0_bw="11">
<![CDATA[
convolutional_label2_end:10  %zext_ln96 = zext i11 %add_ln96_1 to i64

]]></Node>
<StgValue><ssdm name="zext_ln96"/></StgValue>
</operation>

<operation id="99" st_id="5" stage="1" lat="1">
<core>NULL</core>
<MemPortIdVec></MemPortIdVec>
<condition id="-1">
<or_exp><and_exp><literal name="icmp_ln89" val="1"/>
</and_exp></or_exp>
</condition>

<Node id="195" bw="10" op_0_bw="32" op_1_bw="64" op_2_bw="64">
<![CDATA[
convolutional_label2_end:11  %out_addr = getelementptr [768 x i32]* %out_r, i64 0, i64 %zext_ln96

]]></Node>
<StgValue><ssdm name="out_addr"/></StgValue>
</operation>

<operation id="100" st_id="5" stage="1" lat="1">
<core>RAM</core>
<MemPortIdVec></MemPortIdVec>
<condition id="-1">
<or_exp><and_exp><literal name="icmp_ln89" val="1"/>
</and_exp></or_exp>
</condition>

<Node id="196" bw="0" op_0_bw="32" op_1_bw="10">
<![CDATA[
convolutional_label2_end:12  store i32 %temp_3, i32* %out_addr, align 4

]]></Node>
<StgValue><ssdm name="store_ln96"/></StgValue>
</operation>

<operation id="101" st_id="5" stage="1" lat="1">
<core>AddSub</core>
<MemPortIdVec></MemPortIdVec>
<condition id="-1">
<or_exp><and_exp><literal name="icmp_ln89" val="1"/>
</and_exp></or_exp>
</condition>

<Node id="197" bw="32" op_0_bw="32" op_1_bw="32">
<![CDATA[
convolutional_label2_end:13  %col = add nsw i32 %col_0_load, 1

]]></Node>
<StgValue><ssdm name="col"/></StgValue>
</operation>

<operation id="102" st_id="5" stage="1" lat="1">
<core>Cmp</core>
<MemPortIdVec></MemPortIdVec>
<condition id="-1">
<or_exp><and_exp><literal name="icmp_ln89" val="1"/>
</and_exp></or_exp>
</condition>

<Node id="198" bw="1" op_0_bw="32" op_1_bw="32">
<![CDATA[
convolutional_label2_end:14  %icmp_ln99 = icmp eq i32 %col, 16

]]></Node>
<StgValue><ssdm name="icmp_ln99"/></StgValue>
</operation>

<operation id="103" st_id="5" stage="1" lat="1">
<core>AddSub</core>
<MemPortIdVec></MemPortIdVec>
<condition id="-1">
<or_exp><and_exp><literal name="icmp_ln89" val="1"/>
</and_exp></or_exp>
</condition>

<Node id="199" bw="32" op_0_bw="32" op_1_bw="32">
<![CDATA[
convolutional_label2_end:15  %row = add nsw i32 %row_0_load, 1

]]></Node>
<StgValue><ssdm name="row"/></StgValue>
</operation>

<operation id="104" st_id="5" stage="1" lat="1">
<core>Cmp</core>
<MemPortIdVec></MemPortIdVec>
<condition id="-1">
<or_exp><and_exp><literal name="icmp_ln89" val="1"/>
</and_exp></or_exp>
</condition>

<Node id="200" bw="1" op_0_bw="32" op_1_bw="32">
<![CDATA[
convolutional_label2_end:16  %icmp_ln103 = icmp eq i32 %row, 16

]]></Node>
<StgValue><ssdm name="icmp_ln103"/></StgValue>
</operation>

<operation id="105" st_id="5" stage="1" lat="1">
<core>AddSub</core>
<MemPortIdVec></MemPortIdVec>
<condition id="-1">
<or_exp><and_exp><literal name="icmp_ln89" val="1"/>
</and_exp></or_exp>
</condition>

<Node id="201" bw="32" op_0_bw="32" op_1_bw="32">
<![CDATA[
convolutional_label2_end:17  %ch = add nsw i32 %ch_0_load, 1

]]></Node>
<StgValue><ssdm name="ch"/></StgValue>
</operation>

<operation id="106" st_id="5" stage="1" lat="1">
<core>Sel</core>
<MemPortIdVec></MemPortIdVec>
<condition id="-1">
<or_exp><and_exp><literal name="icmp_ln89" val="1"/>
</and_exp></or_exp>
</condition>

<Node id="202" bw="32" op_0_bw="1" op_1_bw="32" op_2_bw="32">
<![CDATA[
convolutional_label2_end:18  %select_ln103 = select i1 %icmp_ln103, i32 0, i32 %row

]]></Node>
<StgValue><ssdm name="select_ln103"/></StgValue>
</operation>

<operation id="107" st_id="5" stage="1" lat="1">
<core>Sel</core>
<MemPortIdVec></MemPortIdVec>
<condition id="-1">
<or_exp><and_exp><literal name="icmp_ln89" val="1"/>
</and_exp></or_exp>
</condition>

<Node id="203" bw="32" op_0_bw="1" op_1_bw="32" op_2_bw="32">
<![CDATA[
convolutional_label2_end:19  %select_ln103_1 = select i1 %icmp_ln103, i32 %ch, i32 %ch_0_load

]]></Node>
<StgValue><ssdm name="select_ln103_1"/></StgValue>
</operation>

<operation id="108" st_id="5" stage="1" lat="1">
<core>Sel</core>
<MemPortIdVec></MemPortIdVec>
<condition id="-1">
<or_exp><and_exp><literal name="icmp_ln89" val="1"/>
</and_exp></or_exp>
</condition>

<Node id="204" bw="32" op_0_bw="1" op_1_bw="32" op_2_bw="32">
<![CDATA[
convolutional_label2_end:20  %select_ln99 = select i1 %icmp_ln99, i32 0, i32 %col

]]></Node>
<StgValue><ssdm name="select_ln99"/></StgValue>
</operation>

<operation id="109" st_id="5" stage="1" lat="1">
<core>Sel</core>
<MemPortIdVec></MemPortIdVec>
<condition id="-1">
<or_exp><and_exp><literal name="icmp_ln89" val="1"/>
</and_exp></or_exp>
</condition>

<Node id="205" bw="32" op_0_bw="1" op_1_bw="32" op_2_bw="32">
<![CDATA[
convolutional_label2_end:21  %select_ln99_1 = select i1 %icmp_ln99, i32 %select_ln103, i32 %row_0_load

]]></Node>
<StgValue><ssdm name="select_ln99_1"/></StgValue>
</operation>

<operation id="110" st_id="5" stage="1" lat="1">
<core>Sel</core>
<MemPortIdVec></MemPortIdVec>
<condition id="-1">
<or_exp><and_exp><literal name="icmp_ln89" val="1"/>
</and_exp></or_exp>
</condition>

<Node id="206" bw="32" op_0_bw="1" op_1_bw="32" op_2_bw="32">
<![CDATA[
convolutional_label2_end:22  %select_ln99_2 = select i1 %icmp_ln99, i32 %select_ln103_1, i32 %ch_0_load

]]></Node>
<StgValue><ssdm name="select_ln99_2"/></StgValue>
</operation>

<operation id="111" st_id="5" stage="1" lat="1">
<core>NULL</core>
<MemPortIdVec></MemPortIdVec>
<condition id="-1">
<or_exp><and_exp><literal name="icmp_ln89" val="1"/>
</and_exp></or_exp>
</condition>

<Node id="207" bw="32" op_0_bw="32" op_1_bw="0" op_2_bw="32">
<![CDATA[
convolutional_label2_end:23  %empty_5 = call i32 (...)* @_ssdm_op_SpecRegionEnd([21 x i8]* @p_str2, i32 %tmp_2) nounwind

]]></Node>
<StgValue><ssdm name="empty_5"/></StgValue>
</operation>

<operation id="112" st_id="5" stage="1" lat="1">
<core>NULL</core>
<MemPortIdVec></MemPortIdVec>
<condition id="-1">
<or_exp><and_exp><literal name="icmp_ln89" val="1"/>
</and_exp></or_exp>
</condition>

<Node id="208" bw="0" op_0_bw="32" op_1_bw="32" op_2_bw="32" op_3_bw="0">
<![CDATA[
convolutional_label2_end:24  store i32 %select_ln99, i32* %col_0

]]></Node>
<StgValue><ssdm name="store_ln87"/></StgValue>
</operation>

<operation id="113" st_id="5" stage="1" lat="1">
<core>NULL</core>
<MemPortIdVec></MemPortIdVec>
<condition id="-1">
<or_exp><and_exp><literal name="icmp_ln89" val="1"/>
</and_exp></or_exp>
</condition>

<Node id="209" bw="0" op_0_bw="32" op_1_bw="32" op_2_bw="32" op_3_bw="0">
<![CDATA[
convolutional_label2_end:25  store i32 %select_ln99_1, i32* %row_0

]]></Node>
<StgValue><ssdm name="store_ln87"/></StgValue>
</operation>

<operation id="114" st_id="5" stage="1" lat="1">
<core>NULL</core>
<MemPortIdVec></MemPortIdVec>
<condition id="-1">
<or_exp><and_exp><literal name="icmp_ln89" val="1"/>
</and_exp></or_exp>
</condition>

<Node id="210" bw="0" op_0_bw="32" op_1_bw="32" op_2_bw="32" op_3_bw="0">
<![CDATA[
convolutional_label2_end:26  store i32 %select_ln99_2, i32* %ch_0

]]></Node>
<StgValue><ssdm name="store_ln87"/></StgValue>
</operation>

<operation id="115" st_id="5" stage="1" lat="1">
<core>NULL</core>
<MemPortIdVec></MemPortIdVec>
<condition id="-1">
<or_exp><and_exp><literal name="icmp_ln89" val="1"/>
</and_exp></or_exp>
</condition>

<Node id="211" bw="0" op_0_bw="0">
<![CDATA[
convolutional_label2_end:27  br label %3

]]></Node>
<StgValue><ssdm name="br_ln87"/></StgValue>
</operation>
</state>

<state id="6" st_id="6">

<operation id="116" st_id="6" stage="1" lat="1">
<core>NULL</core>
<MemPortIdVec></MemPortIdVec>
<condition id="-1">
<or_exp><and_exp></and_exp></or_exp>
</condition>

<Node id="74" bw="11" op_0_bw="11" op_1_bw="7" op_2_bw="4">
<![CDATA[
:8  %p_shl6_cast = call i11 @_ssdm_op_BitConcatenate.i11.i7.i4(i7 %add_ln91_13, i4 0)

]]></Node>
<StgValue><ssdm name="p_shl6_cast"/></StgValue>
</operation>

<operation id="117" st_id="6" stage="1" lat="1">
<core>NULL</core>
<MemPortIdVec></MemPortIdVec>
<condition id="-1">
<or_exp><and_exp></and_exp></or_exp>
</condition>

<Node id="75" bw="8" op_0_bw="8" op_1_bw="7" op_2_bw="1">
<![CDATA[
:9  %tmp_4 = call i8 @_ssdm_op_BitConcatenate.i8.i7.i1(i7 %add_ln91_13, i1 false)

]]></Node>
<StgValue><ssdm name="tmp_4"/></StgValue>
</operation>

<operation id="118" st_id="6" stage="1" lat="1">
<core>NULL</core>
<MemPortIdVec></MemPortIdVec>
<condition id="-1">
<or_exp><and_exp></and_exp></or_exp>
</condition>

<Node id="76" bw="11" op_0_bw="8">
<![CDATA[
:10  %zext_ln91_9 = zext i8 %tmp_4 to i11

]]></Node>
<StgValue><ssdm name="zext_ln91_9"/></StgValue>
</operation>

<operation id="119" st_id="6" stage="1" lat="1">
<core>AddSub</core>
<MemPortIdVec></MemPortIdVec>
<condition id="-1">
<or_exp><and_exp></and_exp></or_exp>
</condition>

<Node id="77" bw="11" op_0_bw="11" op_1_bw="11">
<![CDATA[
:11  %add_ln91_14 = add i11 %zext_ln91_9, %p_shl6_cast

]]></Node>
<StgValue><ssdm name="add_ln91_14"/></StgValue>
</operation>

<operation id="120" st_id="6" stage="1" lat="1">
<core>AddSub</core>
<MemPortIdVec></MemPortIdVec>
<condition id="-1">
<or_exp><and_exp></and_exp></or_exp>
</condition>

<Node id="78" bw="11" op_0_bw="11" op_1_bw="11">
<![CDATA[
:12  %add_ln91_15 = add i11 %add_ln91_14, %zext_ln91_4

]]></Node>
<StgValue><ssdm name="add_ln91_15"/></StgValue>
</operation>

<operation id="121" st_id="6" stage="1" lat="1">
<core>NULL</core>
<MemPortIdVec></MemPortIdVec>
<condition id="-1">
<or_exp><and_exp></and_exp></or_exp>
</condition>

<Node id="79" bw="64" op_0_bw="11">
<![CDATA[
:13  %zext_ln91_10 = zext i11 %add_ln91_15 to i64

]]></Node>
<StgValue><ssdm name="zext_ln91_10"/></StgValue>
</operation>

<operation id="122" st_id="6" stage="1" lat="1">
<core>NULL</core>
<MemPortIdVec></MemPortIdVec>
<condition id="-1">
<or_exp><and_exp></and_exp></or_exp>
</condition>

<Node id="80" bw="10" op_0_bw="32" op_1_bw="64" op_2_bw="64">
<![CDATA[
:14  %image_addr = getelementptr [972 x i32]* %image_r, i64 0, i64 %zext_ln91_10

]]></Node>
<StgValue><ssdm name="image_addr"/></StgValue>
</operation>

<operation id="123" st_id="6" stage="1" lat="1">
<core>AddSub</core>
<MemPortIdVec></MemPortIdVec>
<condition id="-1">
<or_exp><and_exp></and_exp></or_exp>
</condition>

<Node id="81" bw="11" op_0_bw="11" op_1_bw="11">
<![CDATA[
:15  %add_ln91_16 = add i11 %add_ln91_14, %zext_ln91_5

]]></Node>
<StgValue><ssdm name="add_ln91_16"/></StgValue>
</operation>

<operation id="124" st_id="6" stage="1" lat="1">
<core>NULL</core>
<MemPortIdVec></MemPortIdVec>
<condition id="-1">
<or_exp><and_exp></and_exp></or_exp>
</condition>

<Node id="82" bw="64" op_0_bw="11">
<![CDATA[
:16  %zext_ln91_11 = zext i11 %add_ln91_16 to i64

]]></Node>
<StgValue><ssdm name="zext_ln91_11"/></StgValue>
</operation>

<operation id="125" st_id="6" stage="1" lat="1">
<core>NULL</core>
<MemPortIdVec></MemPortIdVec>
<condition id="-1">
<or_exp><and_exp></and_exp></or_exp>
</condition>

<Node id="83" bw="10" op_0_bw="32" op_1_bw="64" op_2_bw="64">
<![CDATA[
:17  %image_addr_1 = getelementptr [972 x i32]* %image_r, i64 0, i64 %zext_ln91_11

]]></Node>
<StgValue><ssdm name="image_addr_1"/></StgValue>
</operation>

<operation id="126" st_id="6" stage="1" lat="1">
<core>NULL</core>
<MemPortIdVec></MemPortIdVec>
<condition id="-1">
<or_exp><and_exp></and_exp></or_exp>
</condition>

<Node id="120" bw="64" op_0_bw="8">
<![CDATA[
:54  %zext_ln91_21 = zext i8 %add_ln91_29 to i64

]]></Node>
<StgValue><ssdm name="zext_ln91_21"/></StgValue>
</operation>

<operation id="127" st_id="6" stage="1" lat="1">
<core>NULL</core>
<MemPortIdVec></MemPortIdVec>
<condition id="-1">
<or_exp><and_exp></and_exp></or_exp>
</condition>

<Node id="121" bw="7" op_0_bw="32" op_1_bw="64" op_2_bw="64">
<![CDATA[
:55  %kernal_addr = getelementptr [81 x i32]* %kernal, i64 0, i64 %zext_ln91_21

]]></Node>
<StgValue><ssdm name="kernal_addr"/></StgValue>
</operation>

<operation id="128" st_id="6" stage="1" lat="1">
<core>AddSub</core>
<MemPortIdVec></MemPortIdVec>
<condition id="-1">
<or_exp><and_exp></and_exp></or_exp>
</condition>

<Node id="122" bw="8" op_0_bw="8" op_1_bw="8">
<![CDATA[
:56  %add_ln91_30 = add i8 1, %add_ln91_29

]]></Node>
<StgValue><ssdm name="add_ln91_30"/></StgValue>
</operation>

<operation id="129" st_id="6" stage="1" lat="1">
<core>NULL</core>
<MemPortIdVec></MemPortIdVec>
<condition id="-1">
<or_exp><and_exp></and_exp></or_exp>
</condition>

<Node id="123" bw="64" op_0_bw="8">
<![CDATA[
:57  %zext_ln91_22 = zext i8 %add_ln91_30 to i64

]]></Node>
<StgValue><ssdm name="zext_ln91_22"/></StgValue>
</operation>

<operation id="130" st_id="6" stage="1" lat="1">
<core>NULL</core>
<MemPortIdVec></MemPortIdVec>
<condition id="-1">
<or_exp><and_exp></and_exp></or_exp>
</condition>

<Node id="124" bw="7" op_0_bw="32" op_1_bw="64" op_2_bw="64">
<![CDATA[
:58  %kernal_addr_1 = getelementptr [81 x i32]* %kernal, i64 0, i64 %zext_ln91_22

]]></Node>
<StgValue><ssdm name="kernal_addr_1"/></StgValue>
</operation>

<operation id="131" st_id="6" stage="2" lat="2">
<core>RAM</core>
<MemPortIdVec></MemPortIdVec>
<condition id="-1">
<or_exp><and_exp></and_exp></or_exp>
</condition>

<Node id="146" bw="32" op_0_bw="10">
<![CDATA[
:80  %image_load = load i32* %image_addr, align 4

]]></Node>
<StgValue><ssdm name="image_load"/></StgValue>
</operation>

<operation id="132" st_id="6" stage="2" lat="2">
<core>RAM</core>
<MemPortIdVec></MemPortIdVec>
<condition id="-1">
<or_exp><and_exp></and_exp></or_exp>
</condition>

<Node id="147" bw="32" op_0_bw="7">
<![CDATA[
:81  %kernal_load = load i32* %kernal_addr, align 4

]]></Node>
<StgValue><ssdm name="kernal_load"/></StgValue>
</operation>

<operation id="133" st_id="6" stage="2" lat="2">
<core>RAM</core>
<MemPortIdVec></MemPortIdVec>
<condition id="-1">
<or_exp><and_exp></and_exp></or_exp>
</condition>

<Node id="149" bw="32" op_0_bw="10">
<![CDATA[
:83  %image_load_1 = load i32* %image_addr_1, align 4

]]></Node>
<StgValue><ssdm name="image_load_1"/></StgValue>
</operation>

<operation id="134" st_id="6" stage="2" lat="2">
<core>RAM</core>
<MemPortIdVec></MemPortIdVec>
<condition id="-1">
<or_exp><and_exp></and_exp></or_exp>
</condition>

<Node id="150" bw="32" op_0_bw="7">
<![CDATA[
:84  %kernal_load_1 = load i32* %kernal_addr_1, align 4

]]></Node>
<StgValue><ssdm name="kernal_load_1"/></StgValue>
</operation>
</state>

<state id="7" st_id="7">

<operation id="135" st_id="7" stage="1" lat="1">
<core>AddSub</core>
<MemPortIdVec></MemPortIdVec>
<condition id="-1">
<or_exp><and_exp></and_exp></or_exp>
</condition>

<Node id="84" bw="11" op_0_bw="11" op_1_bw="11">
<![CDATA[
:18  %add_ln91_17 = add i11 %add_ln91_14, %zext_ln89

]]></Node>
<StgValue><ssdm name="add_ln91_17"/></StgValue>
</operation>

<operation id="136" st_id="7" stage="1" lat="1">
<core>NULL</core>
<MemPortIdVec></MemPortIdVec>
<condition id="-1">
<or_exp><and_exp></and_exp></or_exp>
</condition>

<Node id="85" bw="64" op_0_bw="11">
<![CDATA[
:19  %zext_ln91_12 = zext i11 %add_ln91_17 to i64

]]></Node>
<StgValue><ssdm name="zext_ln91_12"/></StgValue>
</operation>

<operation id="137" st_id="7" stage="1" lat="1">
<core>NULL</core>
<MemPortIdVec></MemPortIdVec>
<condition id="-1">
<or_exp><and_exp></and_exp></or_exp>
</condition>

<Node id="86" bw="10" op_0_bw="32" op_1_bw="64" op_2_bw="64">
<![CDATA[
:20  %image_addr_2 = getelementptr [972 x i32]* %image_r, i64 0, i64 %zext_ln91_12

]]></Node>
<StgValue><ssdm name="image_addr_2"/></StgValue>
</operation>

<operation id="138" st_id="7" stage="1" lat="1">
<core>NULL</core>
<MemPortIdVec></MemPortIdVec>
<condition id="-1">
<or_exp><and_exp></and_exp></or_exp>
</condition>

<Node id="88" bw="11" op_0_bw="11" op_1_bw="7" op_2_bw="4">
<![CDATA[
:22  %p_shl4_cast = call i11 @_ssdm_op_BitConcatenate.i11.i7.i4(i7 %add_ln91_18, i4 0)

]]></Node>
<StgValue><ssdm name="p_shl4_cast"/></StgValue>
</operation>

<operation id="139" st_id="7" stage="1" lat="1">
<core>NULL</core>
<MemPortIdVec></MemPortIdVec>
<condition id="-1">
<or_exp><and_exp></and_exp></or_exp>
</condition>

<Node id="89" bw="8" op_0_bw="8" op_1_bw="7" op_2_bw="1">
<![CDATA[
:23  %tmp_5 = call i8 @_ssdm_op_BitConcatenate.i8.i7.i1(i7 %add_ln91_18, i1 false)

]]></Node>
<StgValue><ssdm name="tmp_5"/></StgValue>
</operation>

<operation id="140" st_id="7" stage="1" lat="1">
<core>NULL</core>
<MemPortIdVec></MemPortIdVec>
<condition id="-1">
<or_exp><and_exp></and_exp></or_exp>
</condition>

<Node id="90" bw="11" op_0_bw="8">
<![CDATA[
:24  %zext_ln91_13 = zext i8 %tmp_5 to i11

]]></Node>
<StgValue><ssdm name="zext_ln91_13"/></StgValue>
</operation>

<operation id="141" st_id="7" stage="1" lat="1">
<core>AddSub</core>
<MemPortIdVec></MemPortIdVec>
<condition id="-1">
<or_exp><and_exp></and_exp></or_exp>
</condition>

<Node id="91" bw="11" op_0_bw="11" op_1_bw="11">
<![CDATA[
:25  %add_ln91_19 = add i11 %zext_ln91_13, %p_shl4_cast

]]></Node>
<StgValue><ssdm name="add_ln91_19"/></StgValue>
</operation>

<operation id="142" st_id="7" stage="1" lat="1">
<core>AddSub</core>
<MemPortIdVec></MemPortIdVec>
<condition id="-1">
<or_exp><and_exp></and_exp></or_exp>
</condition>

<Node id="92" bw="11" op_0_bw="11" op_1_bw="11">
<![CDATA[
:26  %add_ln91_20 = add i11 %add_ln91_19, %zext_ln91_4

]]></Node>
<StgValue><ssdm name="add_ln91_20"/></StgValue>
</operation>

<operation id="143" st_id="7" stage="1" lat="1">
<core>NULL</core>
<MemPortIdVec></MemPortIdVec>
<condition id="-1">
<or_exp><and_exp></and_exp></or_exp>
</condition>

<Node id="93" bw="64" op_0_bw="11">
<![CDATA[
:27  %zext_ln91_14 = zext i11 %add_ln91_20 to i64

]]></Node>
<StgValue><ssdm name="zext_ln91_14"/></StgValue>
</operation>

<operation id="144" st_id="7" stage="1" lat="1">
<core>NULL</core>
<MemPortIdVec></MemPortIdVec>
<condition id="-1">
<or_exp><and_exp></and_exp></or_exp>
</condition>

<Node id="94" bw="10" op_0_bw="32" op_1_bw="64" op_2_bw="64">
<![CDATA[
:28  %image_addr_3 = getelementptr [972 x i32]* %image_r, i64 0, i64 %zext_ln91_14

]]></Node>
<StgValue><ssdm name="image_addr_3"/></StgValue>
</operation>

<operation id="145" st_id="7" stage="1" lat="1">
<core>AddSub</core>
<MemPortIdVec></MemPortIdVec>
<condition id="-1">
<or_exp><and_exp></and_exp></or_exp>
</condition>

<Node id="125" bw="8" op_0_bw="8" op_1_bw="8">
<![CDATA[
:59  %add_ln91_31 = add i8 2, %add_ln91_29

]]></Node>
<StgValue><ssdm name="add_ln91_31"/></StgValue>
</operation>

<operation id="146" st_id="7" stage="1" lat="1">
<core>NULL</core>
<MemPortIdVec></MemPortIdVec>
<condition id="-1">
<or_exp><and_exp></and_exp></or_exp>
</condition>

<Node id="126" bw="64" op_0_bw="8">
<![CDATA[
:60  %zext_ln91_23 = zext i8 %add_ln91_31 to i64

]]></Node>
<StgValue><ssdm name="zext_ln91_23"/></StgValue>
</operation>

<operation id="147" st_id="7" stage="1" lat="1">
<core>NULL</core>
<MemPortIdVec></MemPortIdVec>
<condition id="-1">
<or_exp><and_exp></and_exp></or_exp>
</condition>

<Node id="127" bw="7" op_0_bw="32" op_1_bw="64" op_2_bw="64">
<![CDATA[
:61  %kernal_addr_2 = getelementptr [81 x i32]* %kernal, i64 0, i64 %zext_ln91_23

]]></Node>
<StgValue><ssdm name="kernal_addr_2"/></StgValue>
</operation>

<operation id="148" st_id="7" stage="1" lat="1">
<core>AddSub</core>
<MemPortIdVec></MemPortIdVec>
<condition id="-1">
<or_exp><and_exp></and_exp></or_exp>
</condition>

<Node id="128" bw="8" op_0_bw="8" op_1_bw="8">
<![CDATA[
:62  %add_ln91_32 = add i8 3, %add_ln91_29

]]></Node>
<StgValue><ssdm name="add_ln91_32"/></StgValue>
</operation>

<operation id="149" st_id="7" stage="1" lat="1">
<core>NULL</core>
<MemPortIdVec></MemPortIdVec>
<condition id="-1">
<or_exp><and_exp></and_exp></or_exp>
</condition>

<Node id="129" bw="64" op_0_bw="8">
<![CDATA[
:63  %zext_ln91_24 = zext i8 %add_ln91_32 to i64

]]></Node>
<StgValue><ssdm name="zext_ln91_24"/></StgValue>
</operation>

<operation id="150" st_id="7" stage="1" lat="1">
<core>NULL</core>
<MemPortIdVec></MemPortIdVec>
<condition id="-1">
<or_exp><and_exp></and_exp></or_exp>
</condition>

<Node id="130" bw="7" op_0_bw="32" op_1_bw="64" op_2_bw="64">
<![CDATA[
:64  %kernal_addr_3 = getelementptr [81 x i32]* %kernal, i64 0, i64 %zext_ln91_24

]]></Node>
<StgValue><ssdm name="kernal_addr_3"/></StgValue>
</operation>

<operation id="151" st_id="7" stage="1" lat="2">
<core>RAM</core>
<MemPortIdVec></MemPortIdVec>
<condition id="-1">
<or_exp><and_exp></and_exp></or_exp>
</condition>

<Node id="146" bw="32" op_0_bw="10">
<![CDATA[
:80  %image_load = load i32* %image_addr, align 4

]]></Node>
<StgValue><ssdm name="image_load"/></StgValue>
</operation>

<operation id="152" st_id="7" stage="1" lat="2">
<core>RAM</core>
<MemPortIdVec></MemPortIdVec>
<condition id="-1">
<or_exp><and_exp></and_exp></or_exp>
</condition>

<Node id="147" bw="32" op_0_bw="7">
<![CDATA[
:81  %kernal_load = load i32* %kernal_addr, align 4

]]></Node>
<StgValue><ssdm name="kernal_load"/></StgValue>
</operation>

<operation id="153" st_id="7" stage="1" lat="2">
<core>RAM</core>
<MemPortIdVec></MemPortIdVec>
<condition id="-1">
<or_exp><and_exp></and_exp></or_exp>
</condition>

<Node id="149" bw="32" op_0_bw="10">
<![CDATA[
:83  %image_load_1 = load i32* %image_addr_1, align 4

]]></Node>
<StgValue><ssdm name="image_load_1"/></StgValue>
</operation>

<operation id="154" st_id="7" stage="1" lat="2">
<core>RAM</core>
<MemPortIdVec></MemPortIdVec>
<condition id="-1">
<or_exp><and_exp></and_exp></or_exp>
</condition>

<Node id="150" bw="32" op_0_bw="7">
<![CDATA[
:84  %kernal_load_1 = load i32* %kernal_addr_1, align 4

]]></Node>
<StgValue><ssdm name="kernal_load_1"/></StgValue>
</operation>

<operation id="155" st_id="7" stage="2" lat="2">
<core>RAM</core>
<MemPortIdVec></MemPortIdVec>
<condition id="-1">
<or_exp><and_exp></and_exp></or_exp>
</condition>

<Node id="152" bw="32" op_0_bw="10">
<![CDATA[
:86  %image_load_2 = load i32* %image_addr_2, align 4

]]></Node>
<StgValue><ssdm name="image_load_2"/></StgValue>
</operation>

<operation id="156" st_id="7" stage="2" lat="2">
<core>RAM</core>
<MemPortIdVec></MemPortIdVec>
<condition id="-1">
<or_exp><and_exp></and_exp></or_exp>
</condition>

<Node id="153" bw="32" op_0_bw="7">
<![CDATA[
:87  %kernal_load_2 = load i32* %kernal_addr_2, align 4

]]></Node>
<StgValue><ssdm name="kernal_load_2"/></StgValue>
</operation>

<operation id="157" st_id="7" stage="2" lat="2">
<core>RAM</core>
<MemPortIdVec></MemPortIdVec>
<condition id="-1">
<or_exp><and_exp></and_exp></or_exp>
</condition>

<Node id="155" bw="32" op_0_bw="10">
<![CDATA[
:89  %image_load_3 = load i32* %image_addr_3, align 4

]]></Node>
<StgValue><ssdm name="image_load_3"/></StgValue>
</operation>

<operation id="158" st_id="7" stage="2" lat="2">
<core>RAM</core>
<MemPortIdVec></MemPortIdVec>
<condition id="-1">
<or_exp><and_exp></and_exp></or_exp>
</condition>

<Node id="156" bw="32" op_0_bw="7">
<![CDATA[
:90  %kernal_load_3 = load i32* %kernal_addr_3, align 4

]]></Node>
<StgValue><ssdm name="kernal_load_3"/></StgValue>
</operation>
</state>

<state id="8" st_id="8">

<operation id="159" st_id="8" stage="1" lat="1">
<core>AddSub</core>
<MemPortIdVec></MemPortIdVec>
<condition id="-1">
<or_exp><and_exp></and_exp></or_exp>
</condition>

<Node id="95" bw="11" op_0_bw="11" op_1_bw="11">
<![CDATA[
:29  %add_ln91_21 = add i11 %add_ln91_19, %zext_ln91_5

]]></Node>
<StgValue><ssdm name="add_ln91_21"/></StgValue>
</operation>

<operation id="160" st_id="8" stage="1" lat="1">
<core>NULL</core>
<MemPortIdVec></MemPortIdVec>
<condition id="-1">
<or_exp><and_exp></and_exp></or_exp>
</condition>

<Node id="96" bw="64" op_0_bw="11">
<![CDATA[
:30  %zext_ln91_15 = zext i11 %add_ln91_21 to i64

]]></Node>
<StgValue><ssdm name="zext_ln91_15"/></StgValue>
</operation>

<operation id="161" st_id="8" stage="1" lat="1">
<core>NULL</core>
<MemPortIdVec></MemPortIdVec>
<condition id="-1">
<or_exp><and_exp></and_exp></or_exp>
</condition>

<Node id="97" bw="10" op_0_bw="32" op_1_bw="64" op_2_bw="64">
<![CDATA[
:31  %image_addr_4 = getelementptr [972 x i32]* %image_r, i64 0, i64 %zext_ln91_15

]]></Node>
<StgValue><ssdm name="image_addr_4"/></StgValue>
</operation>

<operation id="162" st_id="8" stage="1" lat="1">
<core>AddSub</core>
<MemPortIdVec></MemPortIdVec>
<condition id="-1">
<or_exp><and_exp></and_exp></or_exp>
</condition>

<Node id="98" bw="11" op_0_bw="11" op_1_bw="11">
<![CDATA[
:32  %add_ln91_22 = add i11 %add_ln91_19, %zext_ln89

]]></Node>
<StgValue><ssdm name="add_ln91_22"/></StgValue>
</operation>

<operation id="163" st_id="8" stage="1" lat="1">
<core>NULL</core>
<MemPortIdVec></MemPortIdVec>
<condition id="-1">
<or_exp><and_exp></and_exp></or_exp>
</condition>

<Node id="99" bw="64" op_0_bw="11">
<![CDATA[
:33  %zext_ln91_16 = zext i11 %add_ln91_22 to i64

]]></Node>
<StgValue><ssdm name="zext_ln91_16"/></StgValue>
</operation>

<operation id="164" st_id="8" stage="1" lat="1">
<core>NULL</core>
<MemPortIdVec></MemPortIdVec>
<condition id="-1">
<or_exp><and_exp></and_exp></or_exp>
</condition>

<Node id="100" bw="10" op_0_bw="32" op_1_bw="64" op_2_bw="64">
<![CDATA[
:34  %image_addr_5 = getelementptr [972 x i32]* %image_r, i64 0, i64 %zext_ln91_16

]]></Node>
<StgValue><ssdm name="image_addr_5"/></StgValue>
</operation>

<operation id="165" st_id="8" stage="1" lat="1">
<core>NULL</core>
<MemPortIdVec></MemPortIdVec>
<condition id="-1">
<or_exp><and_exp></and_exp></or_exp>
</condition>

<Node id="102" bw="11" op_0_bw="11" op_1_bw="7" op_2_bw="4">
<![CDATA[
:36  %p_shl2_cast = call i11 @_ssdm_op_BitConcatenate.i11.i7.i4(i7 %add_ln91_23, i4 0)

]]></Node>
<StgValue><ssdm name="p_shl2_cast"/></StgValue>
</operation>

<operation id="166" st_id="8" stage="1" lat="1">
<core>NULL</core>
<MemPortIdVec></MemPortIdVec>
<condition id="-1">
<or_exp><and_exp></and_exp></or_exp>
</condition>

<Node id="103" bw="8" op_0_bw="8" op_1_bw="7" op_2_bw="1">
<![CDATA[
:37  %tmp_6 = call i8 @_ssdm_op_BitConcatenate.i8.i7.i1(i7 %add_ln91_23, i1 false)

]]></Node>
<StgValue><ssdm name="tmp_6"/></StgValue>
</operation>

<operation id="167" st_id="8" stage="1" lat="1">
<core>NULL</core>
<MemPortIdVec></MemPortIdVec>
<condition id="-1">
<or_exp><and_exp></and_exp></or_exp>
</condition>

<Node id="104" bw="11" op_0_bw="8">
<![CDATA[
:38  %zext_ln91_17 = zext i8 %tmp_6 to i11

]]></Node>
<StgValue><ssdm name="zext_ln91_17"/></StgValue>
</operation>

<operation id="168" st_id="8" stage="1" lat="1">
<core>AddSub</core>
<MemPortIdVec></MemPortIdVec>
<condition id="-1">
<or_exp><and_exp></and_exp></or_exp>
</condition>

<Node id="105" bw="11" op_0_bw="11" op_1_bw="11">
<![CDATA[
:39  %add_ln91_24 = add i11 %zext_ln91_17, %p_shl2_cast

]]></Node>
<StgValue><ssdm name="add_ln91_24"/></StgValue>
</operation>

<operation id="169" st_id="8" stage="1" lat="1">
<core>AddSub</core>
<MemPortIdVec></MemPortIdVec>
<condition id="-1">
<or_exp><and_exp></and_exp></or_exp>
</condition>

<Node id="106" bw="11" op_0_bw="11" op_1_bw="11">
<![CDATA[
:40  %add_ln91_25 = add i11 %add_ln91_24, %zext_ln91_4

]]></Node>
<StgValue><ssdm name="add_ln91_25"/></StgValue>
</operation>

<operation id="170" st_id="8" stage="1" lat="1">
<core>AddSub</core>
<MemPortIdVec></MemPortIdVec>
<condition id="-1">
<or_exp><and_exp></and_exp></or_exp>
</condition>

<Node id="109" bw="11" op_0_bw="11" op_1_bw="11">
<![CDATA[
:43  %add_ln91_26 = add i11 %add_ln91_24, %zext_ln91_5

]]></Node>
<StgValue><ssdm name="add_ln91_26"/></StgValue>
</operation>

<operation id="171" st_id="8" stage="1" lat="1">
<core>AddSub</core>
<MemPortIdVec></MemPortIdVec>
<condition id="-1">
<or_exp><and_exp></and_exp></or_exp>
</condition>

<Node id="112" bw="11" op_0_bw="11" op_1_bw="11">
<![CDATA[
:46  %add_ln91_27 = add i11 %add_ln91_24, %zext_ln89

]]></Node>
<StgValue><ssdm name="add_ln91_27"/></StgValue>
</operation>

<operation id="172" st_id="8" stage="1" lat="1">
<core>AddSub</core>
<MemPortIdVec></MemPortIdVec>
<condition id="-1">
<or_exp><and_exp></and_exp></or_exp>
</condition>

<Node id="131" bw="8" op_0_bw="8" op_1_bw="8">
<![CDATA[
:65  %add_ln91_33 = add i8 4, %add_ln91_29

]]></Node>
<StgValue><ssdm name="add_ln91_33"/></StgValue>
</operation>

<operation id="173" st_id="8" stage="1" lat="1">
<core>NULL</core>
<MemPortIdVec></MemPortIdVec>
<condition id="-1">
<or_exp><and_exp></and_exp></or_exp>
</condition>

<Node id="132" bw="64" op_0_bw="8">
<![CDATA[
:66  %zext_ln91_25 = zext i8 %add_ln91_33 to i64

]]></Node>
<StgValue><ssdm name="zext_ln91_25"/></StgValue>
</operation>

<operation id="174" st_id="8" stage="1" lat="1">
<core>NULL</core>
<MemPortIdVec></MemPortIdVec>
<condition id="-1">
<or_exp><and_exp></and_exp></or_exp>
</condition>

<Node id="133" bw="7" op_0_bw="32" op_1_bw="64" op_2_bw="64">
<![CDATA[
:67  %kernal_addr_4 = getelementptr [81 x i32]* %kernal, i64 0, i64 %zext_ln91_25

]]></Node>
<StgValue><ssdm name="kernal_addr_4"/></StgValue>
</operation>

<operation id="175" st_id="8" stage="1" lat="1">
<core>AddSub</core>
<MemPortIdVec></MemPortIdVec>
<condition id="-1">
<or_exp><and_exp></and_exp></or_exp>
</condition>

<Node id="134" bw="8" op_0_bw="8" op_1_bw="8">
<![CDATA[
:68  %add_ln91_34 = add i8 5, %add_ln91_29

]]></Node>
<StgValue><ssdm name="add_ln91_34"/></StgValue>
</operation>

<operation id="176" st_id="8" stage="1" lat="1">
<core>NULL</core>
<MemPortIdVec></MemPortIdVec>
<condition id="-1">
<or_exp><and_exp></and_exp></or_exp>
</condition>

<Node id="135" bw="64" op_0_bw="8">
<![CDATA[
:69  %zext_ln91_26 = zext i8 %add_ln91_34 to i64

]]></Node>
<StgValue><ssdm name="zext_ln91_26"/></StgValue>
</operation>

<operation id="177" st_id="8" stage="1" lat="1">
<core>NULL</core>
<MemPortIdVec></MemPortIdVec>
<condition id="-1">
<or_exp><and_exp></and_exp></or_exp>
</condition>

<Node id="136" bw="7" op_0_bw="32" op_1_bw="64" op_2_bw="64">
<![CDATA[
:70  %kernal_addr_5 = getelementptr [81 x i32]* %kernal, i64 0, i64 %zext_ln91_26

]]></Node>
<StgValue><ssdm name="kernal_addr_5"/></StgValue>
</operation>

<operation id="178" st_id="8" stage="1" lat="1">
<core>Mul</core>
<MemPortIdVec></MemPortIdVec>
<condition id="-1">
<or_exp><and_exp></and_exp></or_exp>
</condition>

<Node id="148" bw="32" op_0_bw="32" op_1_bw="32">
<![CDATA[
:82  %mul_ln91 = mul nsw i32 %kernal_load, %image_load

]]></Node>
<StgValue><ssdm name="mul_ln91"/></StgValue>
</operation>

<operation id="179" st_id="8" stage="1" lat="1">
<core>Mul</core>
<MemPortIdVec></MemPortIdVec>
<condition id="-1">
<or_exp><and_exp></and_exp></or_exp>
</condition>

<Node id="151" bw="32" op_0_bw="32" op_1_bw="32">
<![CDATA[
:85  %mul_ln91_1 = mul nsw i32 %kernal_load_1, %image_load_1

]]></Node>
<StgValue><ssdm name="mul_ln91_1"/></StgValue>
</operation>

<operation id="180" st_id="8" stage="1" lat="2">
<core>RAM</core>
<MemPortIdVec></MemPortIdVec>
<condition id="-1">
<or_exp><and_exp></and_exp></or_exp>
</condition>

<Node id="152" bw="32" op_0_bw="10">
<![CDATA[
:86  %image_load_2 = load i32* %image_addr_2, align 4

]]></Node>
<StgValue><ssdm name="image_load_2"/></StgValue>
</operation>

<operation id="181" st_id="8" stage="1" lat="2">
<core>RAM</core>
<MemPortIdVec></MemPortIdVec>
<condition id="-1">
<or_exp><and_exp></and_exp></or_exp>
</condition>

<Node id="153" bw="32" op_0_bw="7">
<![CDATA[
:87  %kernal_load_2 = load i32* %kernal_addr_2, align 4

]]></Node>
<StgValue><ssdm name="kernal_load_2"/></StgValue>
</operation>

<operation id="182" st_id="8" stage="1" lat="2">
<core>RAM</core>
<MemPortIdVec></MemPortIdVec>
<condition id="-1">
<or_exp><and_exp></and_exp></or_exp>
</condition>

<Node id="155" bw="32" op_0_bw="10">
<![CDATA[
:89  %image_load_3 = load i32* %image_addr_3, align 4

]]></Node>
<StgValue><ssdm name="image_load_3"/></StgValue>
</operation>

<operation id="183" st_id="8" stage="1" lat="2">
<core>RAM</core>
<MemPortIdVec></MemPortIdVec>
<condition id="-1">
<or_exp><and_exp></and_exp></or_exp>
</condition>

<Node id="156" bw="32" op_0_bw="7">
<![CDATA[
:90  %kernal_load_3 = load i32* %kernal_addr_3, align 4

]]></Node>
<StgValue><ssdm name="kernal_load_3"/></StgValue>
</operation>

<operation id="184" st_id="8" stage="2" lat="2">
<core>RAM</core>
<MemPortIdVec></MemPortIdVec>
<condition id="-1">
<or_exp><and_exp></and_exp></or_exp>
</condition>

<Node id="158" bw="32" op_0_bw="10">
<![CDATA[
:92  %image_load_4 = load i32* %image_addr_4, align 4

]]></Node>
<StgValue><ssdm name="image_load_4"/></StgValue>
</operation>

<operation id="185" st_id="8" stage="2" lat="2">
<core>RAM</core>
<MemPortIdVec></MemPortIdVec>
<condition id="-1">
<or_exp><and_exp></and_exp></or_exp>
</condition>

<Node id="159" bw="32" op_0_bw="7">
<![CDATA[
:93  %kernal_load_4 = load i32* %kernal_addr_4, align 4

]]></Node>
<StgValue><ssdm name="kernal_load_4"/></StgValue>
</operation>

<operation id="186" st_id="8" stage="2" lat="2">
<core>RAM</core>
<MemPortIdVec></MemPortIdVec>
<condition id="-1">
<or_exp><and_exp></and_exp></or_exp>
</condition>

<Node id="161" bw="32" op_0_bw="10">
<![CDATA[
:95  %image_load_5 = load i32* %image_addr_5, align 4

]]></Node>
<StgValue><ssdm name="image_load_5"/></StgValue>
</operation>

<operation id="187" st_id="8" stage="2" lat="2">
<core>RAM</core>
<MemPortIdVec></MemPortIdVec>
<condition id="-1">
<or_exp><and_exp></and_exp></or_exp>
</condition>

<Node id="162" bw="32" op_0_bw="7">
<![CDATA[
:96  %kernal_load_5 = load i32* %kernal_addr_5, align 4

]]></Node>
<StgValue><ssdm name="kernal_load_5"/></StgValue>
</operation>
</state>

<state id="9" st_id="9">

<operation id="188" st_id="9" stage="1" lat="1">
<core>NULL</core>
<MemPortIdVec></MemPortIdVec>
<condition id="-1">
<or_exp><and_exp></and_exp></or_exp>
</condition>

<Node id="107" bw="64" op_0_bw="11">
<![CDATA[
:41  %zext_ln91_18 = zext i11 %add_ln91_25 to i64

]]></Node>
<StgValue><ssdm name="zext_ln91_18"/></StgValue>
</operation>

<operation id="189" st_id="9" stage="1" lat="1">
<core>NULL</core>
<MemPortIdVec></MemPortIdVec>
<condition id="-1">
<or_exp><and_exp></and_exp></or_exp>
</condition>

<Node id="108" bw="10" op_0_bw="32" op_1_bw="64" op_2_bw="64">
<![CDATA[
:42  %image_addr_6 = getelementptr [972 x i32]* %image_r, i64 0, i64 %zext_ln91_18

]]></Node>
<StgValue><ssdm name="image_addr_6"/></StgValue>
</operation>

<operation id="190" st_id="9" stage="1" lat="1">
<core>AddSub</core>
<MemPortIdVec></MemPortIdVec>
<condition id="-1">
<or_exp><and_exp></and_exp></or_exp>
</condition>

<Node id="137" bw="8" op_0_bw="8" op_1_bw="8">
<![CDATA[
:71  %add_ln91_35 = add i8 6, %add_ln91_29

]]></Node>
<StgValue><ssdm name="add_ln91_35"/></StgValue>
</operation>

<operation id="191" st_id="9" stage="1" lat="1">
<core>NULL</core>
<MemPortIdVec></MemPortIdVec>
<condition id="-1">
<or_exp><and_exp></and_exp></or_exp>
</condition>

<Node id="138" bw="64" op_0_bw="8">
<![CDATA[
:72  %zext_ln91_27 = zext i8 %add_ln91_35 to i64

]]></Node>
<StgValue><ssdm name="zext_ln91_27"/></StgValue>
</operation>

<operation id="192" st_id="9" stage="1" lat="1">
<core>NULL</core>
<MemPortIdVec></MemPortIdVec>
<condition id="-1">
<or_exp><and_exp></and_exp></or_exp>
</condition>

<Node id="139" bw="7" op_0_bw="32" op_1_bw="64" op_2_bw="64">
<![CDATA[
:73  %kernal_addr_6 = getelementptr [81 x i32]* %kernal, i64 0, i64 %zext_ln91_27

]]></Node>
<StgValue><ssdm name="kernal_addr_6"/></StgValue>
</operation>

<operation id="193" st_id="9" stage="1" lat="1">
<core>Mul</core>
<MemPortIdVec></MemPortIdVec>
<condition id="-1">
<or_exp><and_exp></and_exp></or_exp>
</condition>

<Node id="154" bw="32" op_0_bw="32" op_1_bw="32">
<![CDATA[
:88  %mul_ln91_2 = mul nsw i32 %kernal_load_2, %image_load_2

]]></Node>
<StgValue><ssdm name="mul_ln91_2"/></StgValue>
</operation>

<operation id="194" st_id="9" stage="1" lat="1">
<core>Mul</core>
<MemPortIdVec></MemPortIdVec>
<condition id="-1">
<or_exp><and_exp></and_exp></or_exp>
</condition>

<Node id="157" bw="32" op_0_bw="32" op_1_bw="32">
<![CDATA[
:91  %mul_ln91_3 = mul nsw i32 %kernal_load_3, %image_load_3

]]></Node>
<StgValue><ssdm name="mul_ln91_3"/></StgValue>
</operation>

<operation id="195" st_id="9" stage="1" lat="2">
<core>RAM</core>
<MemPortIdVec></MemPortIdVec>
<condition id="-1">
<or_exp><and_exp></and_exp></or_exp>
</condition>

<Node id="158" bw="32" op_0_bw="10">
<![CDATA[
:92  %image_load_4 = load i32* %image_addr_4, align 4

]]></Node>
<StgValue><ssdm name="image_load_4"/></StgValue>
</operation>

<operation id="196" st_id="9" stage="1" lat="2">
<core>RAM</core>
<MemPortIdVec></MemPortIdVec>
<condition id="-1">
<or_exp><and_exp></and_exp></or_exp>
</condition>

<Node id="159" bw="32" op_0_bw="7">
<![CDATA[
:93  %kernal_load_4 = load i32* %kernal_addr_4, align 4

]]></Node>
<StgValue><ssdm name="kernal_load_4"/></StgValue>
</operation>

<operation id="197" st_id="9" stage="1" lat="2">
<core>RAM</core>
<MemPortIdVec></MemPortIdVec>
<condition id="-1">
<or_exp><and_exp></and_exp></or_exp>
</condition>

<Node id="161" bw="32" op_0_bw="10">
<![CDATA[
:95  %image_load_5 = load i32* %image_addr_5, align 4

]]></Node>
<StgValue><ssdm name="image_load_5"/></StgValue>
</operation>

<operation id="198" st_id="9" stage="1" lat="2">
<core>RAM</core>
<MemPortIdVec></MemPortIdVec>
<condition id="-1">
<or_exp><and_exp></and_exp></or_exp>
</condition>

<Node id="162" bw="32" op_0_bw="7">
<![CDATA[
:96  %kernal_load_5 = load i32* %kernal_addr_5, align 4

]]></Node>
<StgValue><ssdm name="kernal_load_5"/></StgValue>
</operation>

<operation id="199" st_id="9" stage="2" lat="2">
<core>RAM</core>
<MemPortIdVec></MemPortIdVec>
<condition id="-1">
<or_exp><and_exp></and_exp></or_exp>
</condition>

<Node id="164" bw="32" op_0_bw="10">
<![CDATA[
:98  %image_load_6 = load i32* %image_addr_6, align 4

]]></Node>
<StgValue><ssdm name="image_load_6"/></StgValue>
</operation>

<operation id="200" st_id="9" stage="2" lat="2">
<core>RAM</core>
<MemPortIdVec></MemPortIdVec>
<condition id="-1">
<or_exp><and_exp></and_exp></or_exp>
</condition>

<Node id="165" bw="32" op_0_bw="7">
<![CDATA[
:99  %kernal_load_6 = load i32* %kernal_addr_6, align 4

]]></Node>
<StgValue><ssdm name="kernal_load_6"/></StgValue>
</operation>

<operation id="201" st_id="9" stage="1" lat="1">
<core>AddSub</core>
<MemPortIdVec></MemPortIdVec>
<condition id="-1">
<or_exp><and_exp></and_exp></or_exp>
</condition>

<Node id="173" bw="32" op_0_bw="32" op_1_bw="32">
<![CDATA[
:107  %add_ln91_4 = add i32 %mul_ln91_1, %mul_ln91

]]></Node>
<StgValue><ssdm name="add_ln91_4"/></StgValue>
</operation>
</state>

<state id="10" st_id="10">

<operation id="202" st_id="10" stage="1" lat="1">
<core>NULL</core>
<MemPortIdVec></MemPortIdVec>
<condition id="-1">
<or_exp><and_exp></and_exp></or_exp>
</condition>

<Node id="110" bw="64" op_0_bw="11">
<![CDATA[
:44  %zext_ln91_19 = zext i11 %add_ln91_26 to i64

]]></Node>
<StgValue><ssdm name="zext_ln91_19"/></StgValue>
</operation>

<operation id="203" st_id="10" stage="1" lat="1">
<core>NULL</core>
<MemPortIdVec></MemPortIdVec>
<condition id="-1">
<or_exp><and_exp></and_exp></or_exp>
</condition>

<Node id="111" bw="10" op_0_bw="32" op_1_bw="64" op_2_bw="64">
<![CDATA[
:45  %image_addr_7 = getelementptr [972 x i32]* %image_r, i64 0, i64 %zext_ln91_19

]]></Node>
<StgValue><ssdm name="image_addr_7"/></StgValue>
</operation>

<operation id="204" st_id="10" stage="1" lat="1">
<core>NULL</core>
<MemPortIdVec></MemPortIdVec>
<condition id="-1">
<or_exp><and_exp></and_exp></or_exp>
</condition>

<Node id="113" bw="64" op_0_bw="11">
<![CDATA[
:47  %zext_ln91_20 = zext i11 %add_ln91_27 to i64

]]></Node>
<StgValue><ssdm name="zext_ln91_20"/></StgValue>
</operation>

<operation id="205" st_id="10" stage="1" lat="1">
<core>NULL</core>
<MemPortIdVec></MemPortIdVec>
<condition id="-1">
<or_exp><and_exp></and_exp></or_exp>
</condition>

<Node id="114" bw="10" op_0_bw="32" op_1_bw="64" op_2_bw="64">
<![CDATA[
:48  %image_addr_8 = getelementptr [972 x i32]* %image_r, i64 0, i64 %zext_ln91_20

]]></Node>
<StgValue><ssdm name="image_addr_8"/></StgValue>
</operation>

<operation id="206" st_id="10" stage="1" lat="1">
<core>AddSub</core>
<MemPortIdVec></MemPortIdVec>
<condition id="-1">
<or_exp><and_exp></and_exp></or_exp>
</condition>

<Node id="140" bw="8" op_0_bw="8" op_1_bw="8">
<![CDATA[
:74  %add_ln91_36 = add i8 7, %add_ln91_29

]]></Node>
<StgValue><ssdm name="add_ln91_36"/></StgValue>
</operation>

<operation id="207" st_id="10" stage="1" lat="1">
<core>NULL</core>
<MemPortIdVec></MemPortIdVec>
<condition id="-1">
<or_exp><and_exp></and_exp></or_exp>
</condition>

<Node id="141" bw="64" op_0_bw="8">
<![CDATA[
:75  %zext_ln91_28 = zext i8 %add_ln91_36 to i64

]]></Node>
<StgValue><ssdm name="zext_ln91_28"/></StgValue>
</operation>

<operation id="208" st_id="10" stage="1" lat="1">
<core>NULL</core>
<MemPortIdVec></MemPortIdVec>
<condition id="-1">
<or_exp><and_exp></and_exp></or_exp>
</condition>

<Node id="142" bw="7" op_0_bw="32" op_1_bw="64" op_2_bw="64">
<![CDATA[
:76  %kernal_addr_7 = getelementptr [81 x i32]* %kernal, i64 0, i64 %zext_ln91_28

]]></Node>
<StgValue><ssdm name="kernal_addr_7"/></StgValue>
</operation>

<operation id="209" st_id="10" stage="1" lat="1">
<core>AddSub</core>
<MemPortIdVec></MemPortIdVec>
<condition id="-1">
<or_exp><and_exp></and_exp></or_exp>
</condition>

<Node id="143" bw="8" op_0_bw="8" op_1_bw="8">
<![CDATA[
:77  %add_ln91_37 = add i8 8, %add_ln91_29

]]></Node>
<StgValue><ssdm name="add_ln91_37"/></StgValue>
</operation>

<operation id="210" st_id="10" stage="1" lat="1">
<core>NULL</core>
<MemPortIdVec></MemPortIdVec>
<condition id="-1">
<or_exp><and_exp></and_exp></or_exp>
</condition>

<Node id="144" bw="64" op_0_bw="8">
<![CDATA[
:78  %zext_ln91_29 = zext i8 %add_ln91_37 to i64

]]></Node>
<StgValue><ssdm name="zext_ln91_29"/></StgValue>
</operation>

<operation id="211" st_id="10" stage="1" lat="1">
<core>NULL</core>
<MemPortIdVec></MemPortIdVec>
<condition id="-1">
<or_exp><and_exp></and_exp></or_exp>
</condition>

<Node id="145" bw="7" op_0_bw="32" op_1_bw="64" op_2_bw="64">
<![CDATA[
:79  %kernal_addr_8 = getelementptr [81 x i32]* %kernal, i64 0, i64 %zext_ln91_29

]]></Node>
<StgValue><ssdm name="kernal_addr_8"/></StgValue>
</operation>

<operation id="212" st_id="10" stage="1" lat="1">
<core>Mul</core>
<MemPortIdVec></MemPortIdVec>
<condition id="-1">
<or_exp><and_exp></and_exp></or_exp>
</condition>

<Node id="160" bw="32" op_0_bw="32" op_1_bw="32">
<![CDATA[
:94  %mul_ln91_4 = mul nsw i32 %kernal_load_4, %image_load_4

]]></Node>
<StgValue><ssdm name="mul_ln91_4"/></StgValue>
</operation>

<operation id="213" st_id="10" stage="1" lat="1">
<core>Mul</core>
<MemPortIdVec></MemPortIdVec>
<condition id="-1">
<or_exp><and_exp></and_exp></or_exp>
</condition>

<Node id="163" bw="32" op_0_bw="32" op_1_bw="32">
<![CDATA[
:97  %mul_ln91_5 = mul nsw i32 %kernal_load_5, %image_load_5

]]></Node>
<StgValue><ssdm name="mul_ln91_5"/></StgValue>
</operation>

<operation id="214" st_id="10" stage="1" lat="2">
<core>RAM</core>
<MemPortIdVec></MemPortIdVec>
<condition id="-1">
<or_exp><and_exp></and_exp></or_exp>
</condition>

<Node id="164" bw="32" op_0_bw="10">
<![CDATA[
:98  %image_load_6 = load i32* %image_addr_6, align 4

]]></Node>
<StgValue><ssdm name="image_load_6"/></StgValue>
</operation>

<operation id="215" st_id="10" stage="1" lat="2">
<core>RAM</core>
<MemPortIdVec></MemPortIdVec>
<condition id="-1">
<or_exp><and_exp></and_exp></or_exp>
</condition>

<Node id="165" bw="32" op_0_bw="7">
<![CDATA[
:99  %kernal_load_6 = load i32* %kernal_addr_6, align 4

]]></Node>
<StgValue><ssdm name="kernal_load_6"/></StgValue>
</operation>

<operation id="216" st_id="10" stage="2" lat="2">
<core>RAM</core>
<MemPortIdVec></MemPortIdVec>
<condition id="-1">
<or_exp><and_exp></and_exp></or_exp>
</condition>

<Node id="167" bw="32" op_0_bw="10">
<![CDATA[
:101  %image_load_7 = load i32* %image_addr_7, align 4

]]></Node>
<StgValue><ssdm name="image_load_7"/></StgValue>
</operation>

<operation id="217" st_id="10" stage="2" lat="2">
<core>RAM</core>
<MemPortIdVec></MemPortIdVec>
<condition id="-1">
<or_exp><and_exp></and_exp></or_exp>
</condition>

<Node id="168" bw="32" op_0_bw="7">
<![CDATA[
:102  %kernal_load_7 = load i32* %kernal_addr_7, align 4

]]></Node>
<StgValue><ssdm name="kernal_load_7"/></StgValue>
</operation>

<operation id="218" st_id="10" stage="2" lat="2">
<core>RAM</core>
<MemPortIdVec></MemPortIdVec>
<condition id="-1">
<or_exp><and_exp></and_exp></or_exp>
</condition>

<Node id="170" bw="32" op_0_bw="10">
<![CDATA[
:104  %image_load_8 = load i32* %image_addr_8, align 4

]]></Node>
<StgValue><ssdm name="image_load_8"/></StgValue>
</operation>

<operation id="219" st_id="10" stage="2" lat="2">
<core>RAM</core>
<MemPortIdVec></MemPortIdVec>
<condition id="-1">
<or_exp><and_exp></and_exp></or_exp>
</condition>

<Node id="171" bw="32" op_0_bw="7">
<![CDATA[
:105  %kernal_load_8 = load i32* %kernal_addr_8, align 4

]]></Node>
<StgValue><ssdm name="kernal_load_8"/></StgValue>
</operation>

<operation id="220" st_id="10" stage="1" lat="1">
<core>TAddSub</core>
<MemPortIdVec></MemPortIdVec>
<condition id="-1">
<or_exp><and_exp></and_exp></or_exp>
</condition>

<Node id="174" bw="32" op_0_bw="32" op_1_bw="32">
<![CDATA[
:108  %add_ln91_5 = add i32 %mul_ln91_3, %mul_ln91_2

]]></Node>
<StgValue><ssdm name="add_ln91_5"/></StgValue>
</operation>

<operation id="221" st_id="10" stage="1" lat="1">
<core>TAddSub</core>
<MemPortIdVec></MemPortIdVec>
<condition id="-1">
<or_exp><and_exp></and_exp></or_exp>
</condition>

<Node id="175" bw="32" op_0_bw="32" op_1_bw="32">
<![CDATA[
:109  %add_ln91_6 = add i32 %add_ln91_4, %add_ln91_5

]]></Node>
<StgValue><ssdm name="add_ln91_6"/></StgValue>
</operation>
</state>

<state id="11" st_id="11">

<operation id="222" st_id="11" stage="1" lat="1">
<core>Mul</core>
<MemPortIdVec></MemPortIdVec>
<condition id="-1">
<or_exp><and_exp></and_exp></or_exp>
</condition>

<Node id="166" bw="32" op_0_bw="32" op_1_bw="32">
<![CDATA[
:100  %mul_ln91_6 = mul nsw i32 %kernal_load_6, %image_load_6

]]></Node>
<StgValue><ssdm name="mul_ln91_6"/></StgValue>
</operation>

<operation id="223" st_id="11" stage="1" lat="2">
<core>RAM</core>
<MemPortIdVec></MemPortIdVec>
<condition id="-1">
<or_exp><and_exp></and_exp></or_exp>
</condition>

<Node id="167" bw="32" op_0_bw="10">
<![CDATA[
:101  %image_load_7 = load i32* %image_addr_7, align 4

]]></Node>
<StgValue><ssdm name="image_load_7"/></StgValue>
</operation>

<operation id="224" st_id="11" stage="1" lat="2">
<core>RAM</core>
<MemPortIdVec></MemPortIdVec>
<condition id="-1">
<or_exp><and_exp></and_exp></or_exp>
</condition>

<Node id="168" bw="32" op_0_bw="7">
<![CDATA[
:102  %kernal_load_7 = load i32* %kernal_addr_7, align 4

]]></Node>
<StgValue><ssdm name="kernal_load_7"/></StgValue>
</operation>

<operation id="225" st_id="11" stage="1" lat="2">
<core>RAM</core>
<MemPortIdVec></MemPortIdVec>
<condition id="-1">
<or_exp><and_exp></and_exp></or_exp>
</condition>

<Node id="170" bw="32" op_0_bw="10">
<![CDATA[
:104  %image_load_8 = load i32* %image_addr_8, align 4

]]></Node>
<StgValue><ssdm name="image_load_8"/></StgValue>
</operation>

<operation id="226" st_id="11" stage="1" lat="2">
<core>RAM</core>
<MemPortIdVec></MemPortIdVec>
<condition id="-1">
<or_exp><and_exp></and_exp></or_exp>
</condition>

<Node id="171" bw="32" op_0_bw="7">
<![CDATA[
:105  %kernal_load_8 = load i32* %kernal_addr_8, align 4

]]></Node>
<StgValue><ssdm name="kernal_load_8"/></StgValue>
</operation>

<operation id="227" st_id="11" stage="1" lat="1">
<core>AddSub</core>
<MemPortIdVec></MemPortIdVec>
<condition id="-1">
<or_exp><and_exp></and_exp></or_exp>
</condition>

<Node id="176" bw="32" op_0_bw="32" op_1_bw="32">
<![CDATA[
:110  %add_ln91_7 = add i32 %mul_ln91_5, %mul_ln91_4

]]></Node>
<StgValue><ssdm name="add_ln91_7"/></StgValue>
</operation>
</state>

<state id="12" st_id="12">

<operation id="228" st_id="12" stage="1" lat="1">
<core>Mul</core>
<MemPortIdVec></MemPortIdVec>
<condition id="-1">
<or_exp><and_exp></and_exp></or_exp>
</condition>

<Node id="169" bw="32" op_0_bw="32" op_1_bw="32">
<![CDATA[
:103  %mul_ln91_7 = mul nsw i32 %kernal_load_7, %image_load_7

]]></Node>
<StgValue><ssdm name="mul_ln91_7"/></StgValue>
</operation>

<operation id="229" st_id="12" stage="1" lat="1">
<core>Mul</core>
<MemPortIdVec></MemPortIdVec>
<condition id="-1">
<or_exp><and_exp></and_exp></or_exp>
</condition>

<Node id="172" bw="32" op_0_bw="32" op_1_bw="32">
<![CDATA[
:106  %mul_ln91_8 = mul nsw i32 %kernal_load_8, %image_load_8

]]></Node>
<StgValue><ssdm name="mul_ln91_8"/></StgValue>
</operation>
</state>

<state id="13" st_id="13">

<operation id="230" st_id="13" stage="1" lat="1">
<core>AddSub</core>
<MemPortIdVec></MemPortIdVec>
<condition id="-1">
<or_exp><and_exp></and_exp></or_exp>
</condition>

<Node id="177" bw="32" op_0_bw="32" op_1_bw="32">
<![CDATA[
:111  %add_ln91_8 = add i32 %mul_ln91_8, %mul_ln91_7

]]></Node>
<StgValue><ssdm name="add_ln91_8"/></StgValue>
</operation>

<operation id="231" st_id="13" stage="1" lat="1">
<core>TAddSub</core>
<MemPortIdVec></MemPortIdVec>
<condition id="-1">
<or_exp><and_exp></and_exp></or_exp>
</condition>

<Node id="178" bw="32" op_0_bw="32" op_1_bw="32">
<![CDATA[
:112  %add_ln91_9 = add i32 %mul_ln91_6, %add_ln91_8

]]></Node>
<StgValue><ssdm name="add_ln91_9"/></StgValue>
</operation>

<operation id="232" st_id="13" stage="1" lat="1">
<core>TAddSub</core>
<MemPortIdVec></MemPortIdVec>
<condition id="-1">
<or_exp><and_exp></and_exp></or_exp>
</condition>

<Node id="179" bw="32" op_0_bw="32" op_1_bw="32">
<![CDATA[
:113  %add_ln91_10 = add i32 %add_ln91_7, %add_ln91_9

]]></Node>
<StgValue><ssdm name="add_ln91_10"/></StgValue>
</operation>
</state>

<state id="14" st_id="14">

<operation id="233" st_id="14" stage="1" lat="1">
<core>NULL</core>
<MemPortIdVec></MemPortIdVec>
<condition id="-1">
<or_exp><and_exp></and_exp></or_exp>
</condition>

<Node id="66" bw="0" op_0_bw="0" op_1_bw="0">
<![CDATA[
:0  call void (...)* @_ssdm_op_SpecLoopName([21 x i8]* @p_str3) nounwind

]]></Node>
<StgValue><ssdm name="specloopname_ln90"/></StgValue>
</operation>

<operation id="234" st_id="14" stage="1" lat="1">
<core>TAddSub</core>
<MemPortIdVec></MemPortIdVec>
<condition id="-1">
<or_exp><and_exp></and_exp></or_exp>
</condition>

<Node id="180" bw="32" op_0_bw="32" op_1_bw="32">
<![CDATA[
:114  %add_ln91_11 = add i32 %add_ln91_6, %add_ln91_10

]]></Node>
<StgValue><ssdm name="add_ln91_11"/></StgValue>
</operation>

<operation id="235" st_id="14" stage="1" lat="1">
<core>TAddSub</core>
<MemPortIdVec></MemPortIdVec>
<condition id="-1">
<or_exp><and_exp></and_exp></or_exp>
</condition>

<Node id="181" bw="32" op_0_bw="32" op_1_bw="32">
<![CDATA[
:115  %temp = add i32 %add_ln91_11, %temp_3

]]></Node>
<StgValue><ssdm name="temp"/></StgValue>
</operation>

<operation id="236" st_id="14" stage="1" lat="1">
<core>NULL</core>
<MemPortIdVec></MemPortIdVec>
<condition id="-1">
<or_exp><and_exp></and_exp></or_exp>
</condition>

<Node id="182" bw="0" op_0_bw="0">
<![CDATA[
:116  br label %4

]]></Node>
<StgValue><ssdm name="br_ln89"/></StgValue>
</operation>
</state>
</state_list>


<ports>
</ports>


<dataflows>
</dataflows>


</stg>
