<profile>

<section name = "Vivado HLS Report for 'convolutional'" level="0">
<item name = "Date">Tue Dec 17 22:19:19 2019
</item>
<item name = "Version">2019.1 (Build 2552052 on Fri May 24 15:28:33 MDT 2019)</item>
<item name = "Project">conv_1</item>
<item name = "Solution">solution1</item>
<item name = "Product family">zynq</item>
<item name = "Target device">xc7z020-clg484-1</item>
</section>

<section name = "Performance Estimates" level="0">
<item name = "Timing (ns)">
<section name = "" level="1">
<item name = "Summary"><table name="" hasTotal="0">
<keys size="4">Clock, Target, Estimated, Uncertainty</keys>
<column name="ap_clk">10.00, 8.510, 1.25</column>
</table>
</item>
</section>
</item>
<item name = "Latency (clock cycles)">
<section name = "" level="1">
<item name = "Summary"><table name="" hasTotal="0">
<keys size="6">, min, max, min, max, Type</keys>
<column name="">24679, 24679, 24679, 24679, none</column>
</table>
</item>
<item name = "Detail">
<section name = "" level="1">
<item name = "Instance"><table name="" hasTotal="0">
<keys size="7">Instance, Module, min, max, min, max, Type</keys>
</table>
</item>
<item name = "Loop"><table name="" hasTotal="0">
<keys size="8">Loop Name, min, max, Latency, achieved, target, Count, Pipelined</keys>
<column name="- convolutional_label0">24678, 24678, 8226, -, -, 3, no</column>
<column name=" + convolutional_label1">8224, 8224, 514, -, -, 16, no</column>
<column name="  ++ convolutional_label2">512, 512, 32, -, -, 16, no</column>
<column name="   +++ convolutional_label3">30, 30, 10, -, -, 3, no</column>
</table>
</item>
</section>
</item>
</section>
</item>
</section>

<section name = "Utilization Estimates" level="0">
<item name = "Summary"><table name="" hasTotal="1">
<keys size="6">Name, BRAM_18K, DSP48E, FF, LUT, URAM</keys>
<column name="DSP">-, -, -, -, -</column>
<column name="Expression">-, 6, 0, 1150, -</column>
<column name="FIFO">-, -, -, -, -</column>
<column name="Instance">-, -, -, -, -</column>
<column name="Memory">-, -, -, -, -</column>
<column name="Multiplexer">-, -, -, 290, -</column>
<column name="Register">-, -, 608, -, -</column>
<specialColumn name="Available">280, 220, 106400, 53200, 0</specialColumn>
<specialColumn name="Utilization (%)">0, 2, ~0, 2, 0</specialColumn>
</table>
</item>
<item name = "Detail">
<section name = "" level="1">
<item name = "Instance"><table name="" hasTotal="1">
<keys size="7">Instance, Module, BRAM_18K, DSP48E, FF, LUT, URAM</keys>
</table>
</item>
<item name = "DSP48E"><table name="" hasTotal="0">
<keys size="3">Instance, Module, Expression</keys>
</table>
</item>
<item name = "Memory"><table name="" hasTotal="1">
<keys size="10">Memory, Module, BRAM_18K, FF, LUT, URAM, Words, Bits, Banks, W*Bits*Banks</keys>
</table>
</item>
<item name = "FIFO"><table name="" hasTotal="1">
<keys size="8">Name, BRAM_18K, FF, LUT, URAM, Depth, Bits, Size:D*B</keys>
</table>
</item>
<item name = "Expression"><table name="" hasTotal="1">
<keys size="7">Variable Name, Operation, DSP48E, FF, LUT, Bitwidth P0, Bitwidth P1</keys>
<column name="grp_fu_352_p2">*, 3, 0, 20, 32, 32</column>
<column name="grp_fu_358_p2">*, 3, 0, 20, 32, 32</column>
<column name="add_ln91_10_fu_985_p2">+, 0, 0, 32, 32, 32</column>
<column name="add_ln91_11_fu_991_p2">+, 0, 0, 32, 32, 32</column>
<column name="add_ln91_12_fu_535_p2">+, 0, 0, 15, 7, 7</column>
<column name="add_ln91_13_fu_541_p2">+, 0, 0, 15, 7, 7</column>
<column name="add_ln91_14_fu_740_p2">+, 0, 0, 13, 11, 11</column>
<column name="add_ln91_15_fu_746_p2">+, 0, 0, 13, 11, 11</column>
<column name="add_ln91_16_fu_756_p2">+, 0, 0, 13, 11, 11</column>
<column name="add_ln91_17_fu_780_p2">+, 0, 0, 13, 11, 11</column>
<column name="add_ln91_18_fu_546_p2">+, 0, 0, 15, 7, 7</column>
<column name="add_ln91_19_fu_807_p2">+, 0, 0, 13, 11, 11</column>
<column name="add_ln91_20_fu_813_p2">+, 0, 0, 13, 11, 11</column>
<column name="add_ln91_21_fu_843_p2">+, 0, 0, 13, 11, 11</column>
<column name="add_ln91_22_fu_852_p2">+, 0, 0, 13, 11, 11</column>
<column name="add_ln91_23_fu_551_p2">+, 0, 0, 15, 7, 7</column>
<column name="add_ln91_24_fu_879_p2">+, 0, 0, 13, 11, 11</column>
<column name="add_ln91_25_fu_885_p2">+, 0, 0, 13, 11, 11</column>
<column name="add_ln91_26_fu_890_p2">+, 0, 0, 13, 11, 11</column>
<column name="add_ln91_27_fu_895_p2">+, 0, 0, 13, 11, 11</column>
<column name="add_ln91_28_fu_556_p2">+, 0, 0, 15, 6, 6</column>
<column name="add_ln91_29_fu_577_p2">+, 0, 0, 15, 8, 8</column>
<column name="add_ln91_2_fu_471_p2">+, 0, 0, 15, 5, 2</column>
<column name="add_ln91_30_fu_770_p2">+, 0, 0, 15, 1, 8</column>
<column name="add_ln91_31_fu_823_p2">+, 0, 0, 15, 2, 8</column>
<column name="add_ln91_32_fu_833_p2">+, 0, 0, 15, 2, 8</column>
<column name="add_ln91_33_fu_900_p2">+, 0, 0, 15, 3, 8</column>
<column name="add_ln91_34_fu_910_p2">+, 0, 0, 15, 3, 8</column>
<column name="add_ln91_35_fu_924_p2">+, 0, 0, 15, 3, 8</column>
<column name="add_ln91_36_fu_942_p2">+, 0, 0, 15, 3, 8</column>
<column name="add_ln91_37_fu_952_p2">+, 0, 0, 15, 4, 8</column>
<column name="add_ln91_5_fu_962_p2">+, 0, 0, 32, 32, 32</column>
<column name="add_ln91_6_fu_968_p2">+, 0, 0, 32, 32, 32</column>
<column name="add_ln91_8_fu_974_p2">+, 0, 0, 39, 32, 32</column>
<column name="add_ln91_9_fu_979_p2">+, 0, 0, 32, 32, 32</column>
<column name="add_ln91_fu_441_p2">+, 0, 0, 15, 5, 2</column>
<column name="add_ln96_1_fu_626_p2">+, 0, 0, 13, 11, 11</column>
<column name="add_ln96_fu_612_p2">+, 0, 0, 15, 7, 7</column>
<column name="ax_fu_455_p2">+, 0, 0, 15, 5, 1</column>
<column name="ay_fu_485_p2">+, 0, 0, 15, 5, 1</column>
<column name="c_fu_501_p2">+, 0, 0, 10, 2, 1</column>
<column name="ch_fu_661_p2">+, 0, 0, 39, 32, 1</column>
<column name="col_fu_637_p2">+, 0, 0, 39, 32, 1</column>
<column name="grp_fu_372_p2">+, 0, 0, 39, 32, 32</column>
<column name="k_fu_403_p2">+, 0, 0, 10, 2, 1</column>
<column name="row_fu_649_p2">+, 0, 0, 39, 32, 1</column>
<column name="temp_fu_995_p2">+, 0, 0, 32, 32, 32</column>
<column name="sub_ln91_fu_425_p2">-, 0, 0, 15, 5, 5</column>
<column name="icmp_ln103_fu_655_p2">icmp, 0, 0, 18, 32, 5</column>
<column name="icmp_ln83_fu_397_p2">icmp, 0, 0, 8, 2, 2</column>
<column name="icmp_ln85_fu_435_p2">icmp, 0, 0, 11, 5, 5</column>
<column name="icmp_ln87_fu_465_p2">icmp, 0, 0, 11, 5, 5</column>
<column name="icmp_ln89_fu_495_p2">icmp, 0, 0, 8, 2, 2</column>
<column name="icmp_ln99_fu_643_p2">icmp, 0, 0, 18, 32, 5</column>
<column name="select_ln103_1_fu_675_p3">select, 0, 0, 32, 1, 32</column>
<column name="select_ln103_fu_667_p3">select, 0, 0, 32, 1, 1</column>
<column name="select_ln99_1_fu_691_p3">select, 0, 0, 32, 1, 32</column>
<column name="select_ln99_2_fu_699_p3">select, 0, 0, 32, 1, 32</column>
<column name="select_ln99_fu_683_p3">select, 0, 0, 32, 1, 1</column>
</table>
</item>
<item name = "Multiplexer"><table name="" hasTotal="1">
<keys size="5">Name, LUT, Input Size, Bits, Total Bits</keys>
<column name="ap_NS_fsm">62, 15, 1, 15</column>
<column name="ax_0_reg_286">9, 2, 5, 10</column>
<column name="ay_0_reg_297">9, 2, 5, 10</column>
<column name="c_0_reg_321">9, 2, 2, 4</column>
<column name="ch_0_fu_88">9, 2, 32, 64</column>
<column name="col_0_fu_96">9, 2, 32, 64</column>
<column name="image_r_address0">33, 6, 10, 60</column>
<column name="image_r_address1">27, 5, 10, 50</column>
<column name="k_0_reg_275">9, 2, 2, 4</column>
<column name="kernal_address0">33, 6, 7, 42</column>
<column name="kernal_address1">27, 5, 7, 35</column>
<column name="reg_332">9, 2, 32, 64</column>
<column name="reg_337">9, 2, 32, 64</column>
<column name="reg_342">9, 2, 32, 64</column>
<column name="reg_347">9, 2, 32, 64</column>
<column name="row_0_fu_92">9, 2, 32, 64</column>
<column name="temp_3_reg_308">9, 2, 32, 64</column>
</table>
</item>
<item name = "Register"><table name="" hasTotal="1">
<keys size="5">Name, FF, LUT, Bits, Const Bits</keys>
<column name="add_ln91_10_reg_1252">32, 0, 32, 0</column>
<column name="add_ln91_13_reg_1095">7, 0, 7, 0</column>
<column name="add_ln91_14_reg_1126">10, 0, 11, 1</column>
<column name="add_ln91_18_reg_1101">7, 0, 7, 0</column>
<column name="add_ln91_19_reg_1156">10, 0, 11, 1</column>
<column name="add_ln91_23_reg_1107">7, 0, 7, 0</column>
<column name="add_ln91_25_reg_1187">11, 0, 11, 0</column>
<column name="add_ln91_26_reg_1192">11, 0, 11, 0</column>
<column name="add_ln91_27_reg_1197">11, 0, 11, 0</column>
<column name="add_ln91_29_reg_1113">8, 0, 8, 0</column>
<column name="add_ln91_6_reg_1242">32, 0, 32, 0</column>
<column name="ap_CS_fsm">14, 0, 14, 0</column>
<column name="ax_0_reg_286">5, 0, 5, 0</column>
<column name="ax_reg_1048">5, 0, 5, 0</column>
<column name="ay_0_reg_297">5, 0, 5, 0</column>
<column name="ay_reg_1075">5, 0, 5, 0</column>
<column name="c_0_reg_321">2, 0, 2, 0</column>
<column name="c_reg_1090">2, 0, 2, 0</column>
<column name="ch_0_fu_88">32, 0, 32, 0</column>
<column name="col_0_fu_96">32, 0, 32, 0</column>
<column name="k_0_reg_275">2, 0, 2, 0</column>
<column name="k_reg_1025">2, 0, 2, 0</column>
<column name="mul_ln91_7_reg_1247">32, 0, 32, 0</column>
<column name="reg_332">32, 0, 32, 0</column>
<column name="reg_337">32, 0, 32, 0</column>
<column name="reg_342">32, 0, 32, 0</column>
<column name="reg_347">32, 0, 32, 0</column>
<column name="reg_364">32, 0, 32, 0</column>
<column name="reg_368">32, 0, 32, 0</column>
<column name="reg_378">32, 0, 32, 0</column>
<column name="row_0_fu_92">32, 0, 32, 0</column>
<column name="sext_ln91_reg_1030">6, 0, 6, 0</column>
<column name="temp_3_reg_308">32, 0, 32, 0</column>
<column name="zext_ln87_reg_1053">5, 0, 7, 2</column>
<column name="zext_ln89_reg_1080">5, 0, 11, 6</column>
<column name="zext_ln91_2_reg_1038">5, 0, 7, 2</column>
<column name="zext_ln91_3_reg_1043">5, 0, 7, 2</column>
<column name="zext_ln91_4_reg_1061">5, 0, 11, 6</column>
<column name="zext_ln91_5_reg_1068">5, 0, 11, 6</column>
</table>
</item>
</section>
</item>
</section>

<section name = "Interface" level="0">
<item name = "Summary"><table name="" hasTotal="0">
<keys size="6">RTL Ports, Dir, Bits, Protocol, Source Object, C Type</keys>
<column name="ap_clk">in, 1, ap_ctrl_hs, convolutional, return value</column>
<column name="ap_rst">in, 1, ap_ctrl_hs, convolutional, return value</column>
<column name="ap_start">in, 1, ap_ctrl_hs, convolutional, return value</column>
<column name="ap_done">out, 1, ap_ctrl_hs, convolutional, return value</column>
<column name="ap_idle">out, 1, ap_ctrl_hs, convolutional, return value</column>
<column name="ap_ready">out, 1, ap_ctrl_hs, convolutional, return value</column>
<column name="image_r_address0">out, 10, ap_memory, image_r, array</column>
<column name="image_r_ce0">out, 1, ap_memory, image_r, array</column>
<column name="image_r_q0">in, 32, ap_memory, image_r, array</column>
<column name="image_r_address1">out, 10, ap_memory, image_r, array</column>
<column name="image_r_ce1">out, 1, ap_memory, image_r, array</column>
<column name="image_r_q1">in, 32, ap_memory, image_r, array</column>
<column name="kernal_address0">out, 7, ap_memory, kernal, array</column>
<column name="kernal_ce0">out, 1, ap_memory, kernal, array</column>
<column name="kernal_q0">in, 32, ap_memory, kernal, array</column>
<column name="kernal_address1">out, 7, ap_memory, kernal, array</column>
<column name="kernal_ce1">out, 1, ap_memory, kernal, array</column>
<column name="kernal_q1">in, 32, ap_memory, kernal, array</column>
<column name="out_r_address0">out, 10, ap_memory, out_r, array</column>
<column name="out_r_ce0">out, 1, ap_memory, out_r, array</column>
<column name="out_r_we0">out, 1, ap_memory, out_r, array</column>
<column name="out_r_d0">out, 32, ap_memory, out_r, array</column>
</table>
</item>
</section>
</profile>
