<annotationInfo>
<annotationInfo>
<item  id="17" filename="conv.c" linenumber="83" name="icmp_ln83" contextFuncName="convolutional" moduleName="convolutional" rtlName="icmp_ln83_fu_397_p2" latency="0" BRAM="-1" DSP="-1" FF="0" LUT="8" fileDirectory="D:\vivado\project\C_code\convolution\conv_1"><\/item>
<item  id="19" filename="conv.c" linenumber="83" name="k" contextFuncName="convolutional" moduleName="convolutional" rtlName="k_fu_403_p2" latency="0" BRAM="-1" DSP="-1" FF="0" LUT="10" fileDirectory="D:\vivado\project\C_code\convolution\conv_1"><\/item>
<item  id="24" filename="conv.c" linenumber="91" name="zext_ln91" contextFuncName="convolutional" moduleName="convolutional" rtlName="zext_ln91_fu_409_p1" latency="0" BRAM="-1" DSP="-1" FF="-1" LUT="-1" fileDirectory="D:\vivado\project\C_code\convolution\conv_1"><\/item>
<item  id="25" filename="conv.c" linenumber="91" name="tmp_3" contextFuncName="convolutional" moduleName="convolutional" rtlName="tmp_3_fu_413_p3" latency="0" BRAM="-1" DSP="-1" FF="-1" LUT="-1" fileDirectory="D:\vivado\project\C_code\convolution\conv_1"><\/item>
<item  id="26" filename="conv.c" linenumber="91" name="zext_ln91_1" contextFuncName="convolutional" moduleName="convolutional" rtlName="zext_ln91_1_fu_421_p1" latency="0" BRAM="-1" DSP="-1" FF="-1" LUT="-1" fileDirectory="D:\vivado\project\C_code\convolution\conv_1"><\/item>
<item  id="27" filename="conv.c" linenumber="91" name="sub_ln91" contextFuncName="convolutional" moduleName="convolutional" rtlName="sub_ln91_fu_425_p2" latency="0" BRAM="-1" DSP="-1" FF="0" LUT="15" fileDirectory="D:\vivado\project\C_code\convolution\conv_1"><\/item>
<item  id="28" filename="conv.c" linenumber="91" name="sext_ln91" contextFuncName="convolutional" moduleName="convolutional" rtlName="sext_ln91_fu_431_p1" latency="0" BRAM="-1" DSP="-1" FF="-1" LUT="-1" fileDirectory="D:\vivado\project\C_code\convolution\conv_1"><\/item>
<item  id="32" filename="conv.c" linenumber="85" name="icmp_ln85" contextFuncName="convolutional" moduleName="convolutional" rtlName="icmp_ln85_fu_435_p2" latency="0" BRAM="-1" DSP="-1" FF="0" LUT="11" fileDirectory="D:\vivado\project\C_code\convolution\conv_1"><\/item>
<item  id="38" filename="conv.c" linenumber="91" name="add_ln91" contextFuncName="convolutional" moduleName="convolutional" rtlName="add_ln91_fu_441_p2" latency="0" BRAM="-1" DSP="-1" FF="0" LUT="15" fileDirectory="D:\vivado\project\C_code\convolution\conv_1"><\/item>
<item  id="39" filename="conv.c" linenumber="91" name="zext_ln91_2" contextFuncName="convolutional" moduleName="convolutional" rtlName="zext_ln91_2_fu_447_p1" latency="0" BRAM="-1" DSP="-1" FF="-1" LUT="-1" fileDirectory="D:\vivado\project\C_code\convolution\conv_1"><\/item>
<item  id="40" filename="conv.c" linenumber="91" name="zext_ln91_3" contextFuncName="convolutional" moduleName="convolutional" rtlName="zext_ln91_3_fu_451_p1" latency="0" BRAM="-1" DSP="-1" FF="-1" LUT="-1" fileDirectory="D:\vivado\project\C_code\convolution\conv_1"><\/item>
<item  id="41" filename="conv.c" linenumber="91" name="ax" contextFuncName="convolutional" moduleName="convolutional" rtlName="ax_fu_455_p2" latency="0" BRAM="-1" DSP="-1" FF="0" LUT="15" fileDirectory="D:\vivado\project\C_code\convolution\conv_1"><\/item>
<item  id="42" filename="conv.c" linenumber="87" name="zext_ln87" contextFuncName="convolutional" moduleName="convolutional" rtlName="zext_ln87_fu_461_p1" latency="0" BRAM="-1" DSP="-1" FF="-1" LUT="-1" fileDirectory="D:\vivado\project\C_code\convolution\conv_1"><\/item>
<item  id="46" filename="conv.c" linenumber="87" name="icmp_ln87" contextFuncName="convolutional" moduleName="convolutional" rtlName="icmp_ln87_fu_465_p2" latency="0" BRAM="-1" DSP="-1" FF="0" LUT="11" fileDirectory="D:\vivado\project\C_code\convolution\conv_1"><\/item>
<item  id="52" filename="conv.c" linenumber="91" name="add_ln91_2" contextFuncName="convolutional" moduleName="convolutional" rtlName="add_ln91_2_fu_471_p2" latency="0" BRAM="-1" DSP="-1" FF="0" LUT="15" fileDirectory="D:\vivado\project\C_code\convolution\conv_1"><\/item>
<item  id="53" filename="conv.c" linenumber="91" name="zext_ln91_4" contextFuncName="convolutional" moduleName="convolutional" rtlName="zext_ln91_4_fu_477_p1" latency="0" BRAM="-1" DSP="-1" FF="-1" LUT="-1" fileDirectory="D:\vivado\project\C_code\convolution\conv_1"><\/item>
<item  id="54" filename="conv.c" linenumber="91" name="zext_ln91_5" contextFuncName="convolutional" moduleName="convolutional" rtlName="zext_ln91_5_fu_481_p1" latency="0" BRAM="-1" DSP="-1" FF="-1" LUT="-1" fileDirectory="D:\vivado\project\C_code\convolution\conv_1"><\/item>
<item  id="55" filename="conv.c" linenumber="91" name="ay" contextFuncName="convolutional" moduleName="convolutional" rtlName="ay_fu_485_p2" latency="0" BRAM="-1" DSP="-1" FF="0" LUT="15" fileDirectory="D:\vivado\project\C_code\convolution\conv_1"><\/item>
<item  id="56" filename="conv.c" linenumber="89" name="zext_ln89" contextFuncName="convolutional" moduleName="convolutional" rtlName="zext_ln89_fu_491_p1" latency="0" BRAM="-1" DSP="-1" FF="-1" LUT="-1" fileDirectory="D:\vivado\project\C_code\convolution\conv_1"><\/item>
<item  id="61" filename="conv.c" linenumber="89" name="icmp_ln89" contextFuncName="convolutional" moduleName="convolutional" rtlName="icmp_ln89_fu_495_p2" latency="0" BRAM="-1" DSP="-1" FF="0" LUT="8" fileDirectory="D:\vivado\project\C_code\convolution\conv_1"><\/item>
<item  id="63" filename="conv.c" linenumber="89" name="c" contextFuncName="convolutional" moduleName="convolutional" rtlName="c_fu_501_p2" latency="0" BRAM="-1" DSP="-1" FF="0" LUT="10" fileDirectory="D:\vivado\project\C_code\convolution\conv_1"><\/item>
<item  id="67" filename="conv.c" linenumber="91" name="zext_ln91_6" contextFuncName="convolutional" moduleName="convolutional" rtlName="zext_ln91_6_fu_507_p1" latency="0" BRAM="-1" DSP="-1" FF="-1" LUT="-1" fileDirectory="D:\vivado\project\C_code\convolution\conv_1"><\/item>
<item  id="68" filename="conv.c" linenumber="91" name="tmp_7" contextFuncName="convolutional" moduleName="convolutional" rtlName="tmp_7_fu_511_p3" latency="0" BRAM="-1" DSP="-1" FF="-1" LUT="-1" fileDirectory="D:\vivado\project\C_code\convolution\conv_1"><\/item>
<item  id="69" filename="conv.c" linenumber="91" name="zext_ln91_7" contextFuncName="convolutional" moduleName="convolutional" rtlName="zext_ln91_7_fu_519_p1" latency="0" BRAM="-1" DSP="-1" FF="-1" LUT="-1" fileDirectory="D:\vivado\project\C_code\convolution\conv_1"><\/item>
<item  id="70" filename="conv.c" linenumber="91" name="tmp_8" contextFuncName="convolutional" moduleName="convolutional" rtlName="tmp_8_fu_523_p3" latency="0" BRAM="-1" DSP="-1" FF="-1" LUT="-1" fileDirectory="D:\vivado\project\C_code\convolution\conv_1"><\/item>
<item  id="71" filename="conv.c" linenumber="91" name="zext_ln91_8" contextFuncName="convolutional" moduleName="convolutional" rtlName="zext_ln91_8_fu_531_p1" latency="0" BRAM="-1" DSP="-1" FF="-1" LUT="-1" fileDirectory="D:\vivado\project\C_code\convolution\conv_1"><\/item>
<item  id="72" filename="conv.c" linenumber="91" name="add_ln91_12" contextFuncName="convolutional" moduleName="convolutional" rtlName="add_ln91_12_fu_535_p2" latency="0" BRAM="-1" DSP="-1" FF="0" LUT="15" fileDirectory="D:\vivado\project\C_code\convolution\conv_1"><\/item>
<item  id="73" filename="conv.c" linenumber="91" name="add_ln91_13" contextFuncName="convolutional" moduleName="convolutional" rtlName="add_ln91_13_fu_541_p2" latency="0" BRAM="-1" DSP="-1" FF="0" LUT="15" fileDirectory="D:\vivado\project\C_code\convolution\conv_1"><\/item>
<item  id="74" filename="conv.c" linenumber="91" name="p_shl6_cast" contextFuncName="convolutional" moduleName="convolutional" rtlName="p_shl6_cast_fu_722_p3" latency="0" BRAM="-1" DSP="-1" FF="-1" LUT="-1" fileDirectory="D:\vivado\project\C_code\convolution\conv_1"><\/item>
<item  id="75" filename="conv.c" linenumber="91" name="tmp_4" contextFuncName="convolutional" moduleName="convolutional" rtlName="tmp_4_fu_729_p3" latency="0" BRAM="-1" DSP="-1" FF="-1" LUT="-1" fileDirectory="D:\vivado\project\C_code\convolution\conv_1"><\/item>
<item  id="76" filename="conv.c" linenumber="91" name="zext_ln91_9" contextFuncName="convolutional" moduleName="convolutional" rtlName="zext_ln91_9_fu_736_p1" latency="0" BRAM="-1" DSP="-1" FF="-1" LUT="-1" fileDirectory="D:\vivado\project\C_code\convolution\conv_1"><\/item>
<item  id="77" filename="conv.c" linenumber="91" name="add_ln91_14" contextFuncName="convolutional" moduleName="convolutional" rtlName="add_ln91_14_fu_740_p2" latency="0" BRAM="-1" DSP="-1" FF="0" LUT="13" fileDirectory="D:\vivado\project\C_code\convolution\conv_1"><\/item>
<item  id="78" filename="conv.c" linenumber="91" name="add_ln91_15" contextFuncName="convolutional" moduleName="convolutional" rtlName="add_ln91_15_fu_746_p2" latency="0" BRAM="-1" DSP="-1" FF="0" LUT="13" fileDirectory="D:\vivado\project\C_code\convolution\conv_1"><\/item>
<item  id="79" filename="conv.c" linenumber="91" name="zext_ln91_10" contextFuncName="convolutional" moduleName="convolutional" rtlName="zext_ln91_10_fu_751_p1" latency="0" BRAM="-1" DSP="-1" FF="-1" LUT="-1" fileDirectory="D:\vivado\project\C_code\convolution\conv_1"><\/item>
<item  id="81" filename="conv.c" linenumber="91" name="add_ln91_16" contextFuncName="convolutional" moduleName="convolutional" rtlName="add_ln91_16_fu_756_p2" latency="0" BRAM="-1" DSP="-1" FF="0" LUT="13" fileDirectory="D:\vivado\project\C_code\convolution\conv_1"><\/item>
<item  id="82" filename="conv.c" linenumber="91" name="zext_ln91_11" contextFuncName="convolutional" moduleName="convolutional" rtlName="zext_ln91_11_fu_761_p1" latency="0" BRAM="-1" DSP="-1" FF="-1" LUT="-1" fileDirectory="D:\vivado\project\C_code\convolution\conv_1"><\/item>
<item  id="84" filename="conv.c" linenumber="91" name="add_ln91_17" contextFuncName="convolutional" moduleName="convolutional" rtlName="add_ln91_17_fu_780_p2" latency="0" BRAM="-1" DSP="-1" FF="0" LUT="13" fileDirectory="D:\vivado\project\C_code\convolution\conv_1"><\/item>
<item  id="85" filename="conv.c" linenumber="91" name="zext_ln91_12" contextFuncName="convolutional" moduleName="convolutional" rtlName="zext_ln91_12_fu_784_p1" latency="0" BRAM="-1" DSP="-1" FF="-1" LUT="-1" fileDirectory="D:\vivado\project\C_code\convolution\conv_1"><\/item>
<item  id="87" filename="conv.c" linenumber="91" name="add_ln91_18" contextFuncName="convolutional" moduleName="convolutional" rtlName="add_ln91_18_fu_546_p2" latency="0" BRAM="-1" DSP="-1" FF="0" LUT="15" fileDirectory="D:\vivado\project\C_code\convolution\conv_1"><\/item>
<item  id="88" filename="conv.c" linenumber="91" name="p_shl4_cast" contextFuncName="convolutional" moduleName="convolutional" rtlName="p_shl4_cast_fu_789_p3" latency="0" BRAM="-1" DSP="-1" FF="-1" LUT="-1" fileDirectory="D:\vivado\project\C_code\convolution\conv_1"><\/item>
<item  id="89" filename="conv.c" linenumber="91" name="tmp_5" contextFuncName="convolutional" moduleName="convolutional" rtlName="tmp_5_fu_796_p3" latency="0" BRAM="-1" DSP="-1" FF="-1" LUT="-1" fileDirectory="D:\vivado\project\C_code\convolution\conv_1"><\/item>
<item  id="90" filename="conv.c" linenumber="91" name="zext_ln91_13" contextFuncName="convolutional" moduleName="convolutional" rtlName="zext_ln91_13_fu_803_p1" latency="0" BRAM="-1" DSP="-1" FF="-1" LUT="-1" fileDirectory="D:\vivado\project\C_code\convolution\conv_1"><\/item>
<item  id="91" filename="conv.c" linenumber="91" name="add_ln91_19" contextFuncName="convolutional" moduleName="convolutional" rtlName="add_ln91_19_fu_807_p2" latency="0" BRAM="-1" DSP="-1" FF="0" LUT="13" fileDirectory="D:\vivado\project\C_code\convolution\conv_1"><\/item>
<item  id="92" filename="conv.c" linenumber="91" name="add_ln91_20" contextFuncName="convolutional" moduleName="convolutional" rtlName="add_ln91_20_fu_813_p2" latency="0" BRAM="-1" DSP="-1" FF="0" LUT="13" fileDirectory="D:\vivado\project\C_code\convolution\conv_1"><\/item>
<item  id="93" filename="conv.c" linenumber="91" name="zext_ln91_14" contextFuncName="convolutional" moduleName="convolutional" rtlName="zext_ln91_14_fu_818_p1" latency="0" BRAM="-1" DSP="-1" FF="-1" LUT="-1" fileDirectory="D:\vivado\project\C_code\convolution\conv_1"><\/item>
<item  id="95" filename="conv.c" linenumber="91" name="add_ln91_21" contextFuncName="convolutional" moduleName="convolutional" rtlName="add_ln91_21_fu_843_p2" latency="0" BRAM="-1" DSP="-1" FF="0" LUT="13" fileDirectory="D:\vivado\project\C_code\convolution\conv_1"><\/item>
<item  id="96" filename="conv.c" linenumber="91" name="zext_ln91_15" contextFuncName="convolutional" moduleName="convolutional" rtlName="zext_ln91_15_fu_847_p1" latency="0" BRAM="-1" DSP="-1" FF="-1" LUT="-1" fileDirectory="D:\vivado\project\C_code\convolution\conv_1"><\/item>
<item  id="98" filename="conv.c" linenumber="91" name="add_ln91_22" contextFuncName="convolutional" moduleName="convolutional" rtlName="add_ln91_22_fu_852_p2" latency="0" BRAM="-1" DSP="-1" FF="0" LUT="13" fileDirectory="D:\vivado\project\C_code\convolution\conv_1"><\/item>
<item  id="99" filename="conv.c" linenumber="91" name="zext_ln91_16" contextFuncName="convolutional" moduleName="convolutional" rtlName="zext_ln91_16_fu_856_p1" latency="0" BRAM="-1" DSP="-1" FF="-1" LUT="-1" fileDirectory="D:\vivado\project\C_code\convolution\conv_1"><\/item>
<item  id="101" filename="conv.c" linenumber="91" name="add_ln91_23" contextFuncName="convolutional" moduleName="convolutional" rtlName="add_ln91_23_fu_551_p2" latency="0" BRAM="-1" DSP="-1" FF="0" LUT="15" fileDirectory="D:\vivado\project\C_code\convolution\conv_1"><\/item>
<item  id="102" filename="conv.c" linenumber="91" name="p_shl2_cast" contextFuncName="convolutional" moduleName="convolutional" rtlName="p_shl2_cast_fu_861_p3" latency="0" BRAM="-1" DSP="-1" FF="-1" LUT="-1" fileDirectory="D:\vivado\project\C_code\convolution\conv_1"><\/item>
<item  id="103" filename="conv.c" linenumber="91" name="tmp_6" contextFuncName="convolutional" moduleName="convolutional" rtlName="tmp_6_fu_868_p3" latency="0" BRAM="-1" DSP="-1" FF="-1" LUT="-1" fileDirectory="D:\vivado\project\C_code\convolution\conv_1"><\/item>
<item  id="104" filename="conv.c" linenumber="91" name="zext_ln91_17" contextFuncName="convolutional" moduleName="convolutional" rtlName="zext_ln91_17_fu_875_p1" latency="0" BRAM="-1" DSP="-1" FF="-1" LUT="-1" fileDirectory="D:\vivado\project\C_code\convolution\conv_1"><\/item>
<item  id="105" filename="conv.c" linenumber="91" name="add_ln91_24" contextFuncName="convolutional" moduleName="convolutional" rtlName="add_ln91_24_fu_879_p2" latency="0" BRAM="-1" DSP="-1" FF="0" LUT="13" fileDirectory="D:\vivado\project\C_code\convolution\conv_1"><\/item>
<item  id="106" filename="conv.c" linenumber="91" name="add_ln91_25" contextFuncName="convolutional" moduleName="convolutional" rtlName="add_ln91_25_fu_885_p2" latency="0" BRAM="-1" DSP="-1" FF="0" LUT="13" fileDirectory="D:\vivado\project\C_code\convolution\conv_1"><\/item>
<item  id="107" filename="conv.c" linenumber="91" name="zext_ln91_18" contextFuncName="convolutional" moduleName="convolutional" rtlName="zext_ln91_18_fu_920_p1" latency="0" BRAM="-1" DSP="-1" FF="-1" LUT="-1" fileDirectory="D:\vivado\project\C_code\convolution\conv_1"><\/item>
<item  id="109" filename="conv.c" linenumber="91" name="add_ln91_26" contextFuncName="convolutional" moduleName="convolutional" rtlName="add_ln91_26_fu_890_p2" latency="0" BRAM="-1" DSP="-1" FF="0" LUT="13" fileDirectory="D:\vivado\project\C_code\convolution\conv_1"><\/item>
<item  id="110" filename="conv.c" linenumber="91" name="zext_ln91_19" contextFuncName="convolutional" moduleName="convolutional" rtlName="zext_ln91_19_fu_934_p1" latency="0" BRAM="-1" DSP="-1" FF="-1" LUT="-1" fileDirectory="D:\vivado\project\C_code\convolution\conv_1"><\/item>
<item  id="112" filename="conv.c" linenumber="91" name="add_ln91_27" contextFuncName="convolutional" moduleName="convolutional" rtlName="add_ln91_27_fu_895_p2" latency="0" BRAM="-1" DSP="-1" FF="0" LUT="13" fileDirectory="D:\vivado\project\C_code\convolution\conv_1"><\/item>
<item  id="113" filename="conv.c" linenumber="91" name="zext_ln91_20" contextFuncName="convolutional" moduleName="convolutional" rtlName="zext_ln91_20_fu_938_p1" latency="0" BRAM="-1" DSP="-1" FF="-1" LUT="-1" fileDirectory="D:\vivado\project\C_code\convolution\conv_1"><\/item>
<item  id="115" filename="conv.c" linenumber="91" name="add_ln91_28" contextFuncName="convolutional" moduleName="convolutional" rtlName="add_ln91_28_fu_556_p2" latency="0" BRAM="-1" DSP="-1" FF="0" LUT="15" fileDirectory="D:\vivado\project\C_code\convolution\conv_1"><\/item>
<item  id="116" filename="conv.c" linenumber="91" name="sext_ln91_1" contextFuncName="convolutional" moduleName="convolutional" rtlName="sext_ln91_1_fu_561_p1" latency="0" BRAM="-1" DSP="-1" FF="-1" LUT="-1" fileDirectory="D:\vivado\project\C_code\convolution\conv_1"><\/item>
<item  id="117" filename="conv.c" linenumber="91" name="trunc_ln91" contextFuncName="convolutional" moduleName="convolutional" rtlName="trunc_ln91_fu_565_p1" latency="0" BRAM="-1" DSP="-1" FF="-1" LUT="-1" fileDirectory="D:\vivado\project\C_code\convolution\conv_1"><\/item>
<item  id="118" filename="conv.c" linenumber="91" name="p_shl1_cast" contextFuncName="convolutional" moduleName="convolutional" rtlName="p_shl1_cast_fu_569_p3" latency="0" BRAM="-1" DSP="-1" FF="-1" LUT="-1" fileDirectory="D:\vivado\project\C_code\convolution\conv_1"><\/item>
<item  id="119" filename="conv.c" linenumber="91" name="add_ln91_29" contextFuncName="convolutional" moduleName="convolutional" rtlName="add_ln91_29_fu_577_p2" latency="0" BRAM="-1" DSP="-1" FF="0" LUT="15" fileDirectory="D:\vivado\project\C_code\convolution\conv_1"><\/item>
<item  id="120" filename="conv.c" linenumber="91" name="zext_ln91_21" contextFuncName="convolutional" moduleName="convolutional" rtlName="zext_ln91_21_fu_766_p1" latency="0" BRAM="-1" DSP="-1" FF="-1" LUT="-1" fileDirectory="D:\vivado\project\C_code\convolution\conv_1"><\/item>
<item  id="122" filename="conv.c" linenumber="91" name="add_ln91_30" contextFuncName="convolutional" moduleName="convolutional" rtlName="add_ln91_30_fu_770_p2" latency="0" BRAM="-1" DSP="-1" FF="0" LUT="15" fileDirectory="D:\vivado\project\C_code\convolution\conv_1"><\/item>
<item  id="123" filename="conv.c" linenumber="91" name="zext_ln91_22" contextFuncName="convolutional" moduleName="convolutional" rtlName="zext_ln91_22_fu_775_p1" latency="0" BRAM="-1" DSP="-1" FF="-1" LUT="-1" fileDirectory="D:\vivado\project\C_code\convolution\conv_1"><\/item>
<item  id="125" filename="conv.c" linenumber="91" name="add_ln91_31" contextFuncName="convolutional" moduleName="convolutional" rtlName="add_ln91_31_fu_823_p2" latency="0" BRAM="-1" DSP="-1" FF="0" LUT="15" fileDirectory="D:\vivado\project\C_code\convolution\conv_1"><\/item>
<item  id="126" filename="conv.c" linenumber="91" name="zext_ln91_23" contextFuncName="convolutional" moduleName="convolutional" rtlName="zext_ln91_23_fu_828_p1" latency="0" BRAM="-1" DSP="-1" FF="-1" LUT="-1" fileDirectory="D:\vivado\project\C_code\convolution\conv_1"><\/item>
<item  id="128" filename="conv.c" linenumber="91" name="add_ln91_32" contextFuncName="convolutional" moduleName="convolutional" rtlName="add_ln91_32_fu_833_p2" latency="0" BRAM="-1" DSP="-1" FF="0" LUT="15" fileDirectory="D:\vivado\project\C_code\convolution\conv_1"><\/item>
<item  id="129" filename="conv.c" linenumber="91" name="zext_ln91_24" contextFuncName="convolutional" moduleName="convolutional" rtlName="zext_ln91_24_fu_838_p1" latency="0" BRAM="-1" DSP="-1" FF="-1" LUT="-1" fileDirectory="D:\vivado\project\C_code\convolution\conv_1"><\/item>
<item  id="131" filename="conv.c" linenumber="91" name="add_ln91_33" contextFuncName="convolutional" moduleName="convolutional" rtlName="add_ln91_33_fu_900_p2" latency="0" BRAM="-1" DSP="-1" FF="0" LUT="15" fileDirectory="D:\vivado\project\C_code\convolution\conv_1"><\/item>
<item  id="132" filename="conv.c" linenumber="91" name="zext_ln91_25" contextFuncName="convolutional" moduleName="convolutional" rtlName="zext_ln91_25_fu_905_p1" latency="0" BRAM="-1" DSP="-1" FF="-1" LUT="-1" fileDirectory="D:\vivado\project\C_code\convolution\conv_1"><\/item>
<item  id="134" filename="conv.c" linenumber="91" name="add_ln91_34" contextFuncName="convolutional" moduleName="convolutional" rtlName="add_ln91_34_fu_910_p2" latency="0" BRAM="-1" DSP="-1" FF="0" LUT="15" fileDirectory="D:\vivado\project\C_code\convolution\conv_1"><\/item>
<item  id="135" filename="conv.c" linenumber="91" name="zext_ln91_26" contextFuncName="convolutional" moduleName="convolutional" rtlName="zext_ln91_26_fu_915_p1" latency="0" BRAM="-1" DSP="-1" FF="-1" LUT="-1" fileDirectory="D:\vivado\project\C_code\convolution\conv_1"><\/item>
<item  id="137" filename="conv.c" linenumber="91" name="add_ln91_35" contextFuncName="convolutional" moduleName="convolutional" rtlName="add_ln91_35_fu_924_p2" latency="0" BRAM="-1" DSP="-1" FF="0" LUT="15" fileDirectory="D:\vivado\project\C_code\convolution\conv_1"><\/item>
<item  id="138" filename="conv.c" linenumber="91" name="zext_ln91_27" contextFuncName="convolutional" moduleName="convolutional" rtlName="zext_ln91_27_fu_929_p1" latency="0" BRAM="-1" DSP="-1" FF="-1" LUT="-1" fileDirectory="D:\vivado\project\C_code\convolution\conv_1"><\/item>
<item  id="140" filename="conv.c" linenumber="91" name="add_ln91_36" contextFuncName="convolutional" moduleName="convolutional" rtlName="add_ln91_36_fu_942_p2" latency="0" BRAM="-1" DSP="-1" FF="0" LUT="15" fileDirectory="D:\vivado\project\C_code\convolution\conv_1"><\/item>
<item  id="141" filename="conv.c" linenumber="91" name="zext_ln91_28" contextFuncName="convolutional" moduleName="convolutional" rtlName="zext_ln91_28_fu_947_p1" latency="0" BRAM="-1" DSP="-1" FF="-1" LUT="-1" fileDirectory="D:\vivado\project\C_code\convolution\conv_1"><\/item>
<item  id="143" filename="conv.c" linenumber="91" name="add_ln91_37" contextFuncName="convolutional" moduleName="convolutional" rtlName="add_ln91_37_fu_952_p2" latency="0" BRAM="-1" DSP="-1" FF="0" LUT="15" fileDirectory="D:\vivado\project\C_code\convolution\conv_1"><\/item>
<item  id="144" filename="conv.c" linenumber="91" name="zext_ln91_29" contextFuncName="convolutional" moduleName="convolutional" rtlName="zext_ln91_29_fu_957_p1" latency="0" BRAM="-1" DSP="-1" FF="-1" LUT="-1" fileDirectory="D:\vivado\project\C_code\convolution\conv_1"><\/item>
<item  id="148" filename="conv.c" linenumber="91" name="mul_ln91" contextFuncName="convolutional" moduleName="convolutional" rtlName="grp_fu_352_p2" latency="0" BRAM="-1" DSP="3" FF="0" LUT="20" fileDirectory="D:\vivado\project\C_code\convolution\conv_1"><\/item>
<item  id="151" filename="conv.c" linenumber="91" name="mul_ln91_1" contextFuncName="convolutional" moduleName="convolutional" rtlName="grp_fu_358_p2" latency="0" BRAM="-1" DSP="3" FF="0" LUT="20" fileDirectory="D:\vivado\project\C_code\convolution\conv_1"><\/item>
<item  id="154" filename="conv.c" linenumber="91" name="mul_ln91_2" contextFuncName="convolutional" moduleName="convolutional" rtlName="grp_fu_352_p2" latency="0" BRAM="-1" DSP="3" FF="0" LUT="20" fileDirectory="D:\vivado\project\C_code\convolution\conv_1"><\/item>
<item  id="157" filename="conv.c" linenumber="91" name="mul_ln91_3" contextFuncName="convolutional" moduleName="convolutional" rtlName="grp_fu_358_p2" latency="0" BRAM="-1" DSP="3" FF="0" LUT="20" fileDirectory="D:\vivado\project\C_code\convolution\conv_1"><\/item>
<item  id="160" filename="conv.c" linenumber="91" name="mul_ln91_4" contextFuncName="convolutional" moduleName="convolutional" rtlName="grp_fu_352_p2" latency="0" BRAM="-1" DSP="3" FF="0" LUT="20" fileDirectory="D:\vivado\project\C_code\convolution\conv_1"><\/item>
<item  id="163" filename="conv.c" linenumber="91" name="mul_ln91_5" contextFuncName="convolutional" moduleName="convolutional" rtlName="grp_fu_358_p2" latency="0" BRAM="-1" DSP="3" FF="0" LUT="20" fileDirectory="D:\vivado\project\C_code\convolution\conv_1"><\/item>
<item  id="166" filename="conv.c" linenumber="91" name="mul_ln91_6" contextFuncName="convolutional" moduleName="convolutional" rtlName="grp_fu_352_p2" latency="0" BRAM="-1" DSP="3" FF="0" LUT="20" fileDirectory="D:\vivado\project\C_code\convolution\conv_1"><\/item>
<item  id="169" filename="conv.c" linenumber="91" name="mul_ln91_7" contextFuncName="convolutional" moduleName="convolutional" rtlName="grp_fu_352_p2" latency="0" BRAM="-1" DSP="3" FF="0" LUT="20" fileDirectory="D:\vivado\project\C_code\convolution\conv_1"><\/item>
<item  id="172" filename="conv.c" linenumber="91" name="mul_ln91_8" contextFuncName="convolutional" moduleName="convolutional" rtlName="grp_fu_358_p2" latency="0" BRAM="-1" DSP="3" FF="0" LUT="20" fileDirectory="D:\vivado\project\C_code\convolution\conv_1"><\/item>
<item  id="173" filename="conv.c" linenumber="91" name="add_ln91_4" contextFuncName="convolutional" moduleName="convolutional" rtlName="grp_fu_372_p2" latency="0" BRAM="-1" DSP="-1" FF="0" LUT="39" fileDirectory="D:\vivado\project\C_code\convolution\conv_1"><\/item>
<item  id="174" filename="conv.c" linenumber="91" name="add_ln91_5" contextFuncName="convolutional" moduleName="convolutional" rtlName="add_ln91_5_fu_962_p2" latency="0" BRAM="-1" DSP="-1" FF="0" LUT="32" fileDirectory="D:\vivado\project\C_code\convolution\conv_1"><\/item>
<item  id="175" filename="conv.c" linenumber="91" name="add_ln91_6" contextFuncName="convolutional" moduleName="convolutional" rtlName="add_ln91_6_fu_968_p2" latency="0" BRAM="-1" DSP="-1" FF="0" LUT="32" fileDirectory="D:\vivado\project\C_code\convolution\conv_1"><\/item>
<item  id="176" filename="conv.c" linenumber="91" name="add_ln91_7" contextFuncName="convolutional" moduleName="convolutional" rtlName="grp_fu_372_p2" latency="0" BRAM="-1" DSP="-1" FF="0" LUT="39" fileDirectory="D:\vivado\project\C_code\convolution\conv_1"><\/item>
<item  id="177" filename="conv.c" linenumber="91" name="add_ln91_8" contextFuncName="convolutional" moduleName="convolutional" rtlName="add_ln91_8_fu_974_p2" latency="0" BRAM="-1" DSP="-1" FF="0" LUT="39" fileDirectory="D:\vivado\project\C_code\convolution\conv_1"><\/item>
<item  id="178" filename="conv.c" linenumber="91" name="add_ln91_9" contextFuncName="convolutional" moduleName="convolutional" rtlName="add_ln91_9_fu_979_p2" latency="0" BRAM="-1" DSP="-1" FF="0" LUT="32" fileDirectory="D:\vivado\project\C_code\convolution\conv_1"><\/item>
<item  id="179" filename="conv.c" linenumber="91" name="add_ln91_10" contextFuncName="convolutional" moduleName="convolutional" rtlName="add_ln91_10_fu_985_p2" latency="0" BRAM="-1" DSP="-1" FF="0" LUT="32" fileDirectory="D:\vivado\project\C_code\convolution\conv_1"><\/item>
<item  id="180" filename="conv.c" linenumber="91" name="add_ln91_11" contextFuncName="convolutional" moduleName="convolutional" rtlName="add_ln91_11_fu_991_p2" latency="0" BRAM="-1" DSP="-1" FF="0" LUT="32" fileDirectory="D:\vivado\project\C_code\convolution\conv_1"><\/item>
<item  id="181" filename="conv.c" linenumber="91" name="temp" contextFuncName="convolutional" moduleName="convolutional" rtlName="temp_fu_995_p2" latency="0" BRAM="-1" DSP="-1" FF="0" LUT="32" fileDirectory="D:\vivado\project\C_code\convolution\conv_1"><\/item>
<item  id="187" filename="conv.c" linenumber="96" name="trunc_ln96" contextFuncName="convolutional" moduleName="convolutional" rtlName="trunc_ln96_fu_592_p1" latency="0" BRAM="-1" DSP="-1" FF="-1" LUT="-1" fileDirectory="D:\vivado\project\C_code\convolution\conv_1"><\/item>
<item  id="188" filename="conv.c" linenumber="96" name="trunc_ln96_1" contextFuncName="convolutional" moduleName="convolutional" rtlName="trunc_ln96_1_fu_596_p1" latency="0" BRAM="-1" DSP="-1" FF="-1" LUT="-1" fileDirectory="D:\vivado\project\C_code\convolution\conv_1"><\/item>
<item  id="189" filename="conv.c" linenumber="96" name="trunc_ln96_2" contextFuncName="convolutional" moduleName="convolutional" rtlName="trunc_ln96_2_fu_600_p1" latency="0" BRAM="-1" DSP="-1" FF="-1" LUT="-1" fileDirectory="D:\vivado\project\C_code\convolution\conv_1"><\/item>
<item  id="190" filename="conv.c" linenumber="96" name="sext_ln96_2_cast" contextFuncName="convolutional" moduleName="convolutional" rtlName="sext_ln96_2_cast_fu_604_p3" latency="0" BRAM="-1" DSP="-1" FF="-1" LUT="-1" fileDirectory="D:\vivado\project\C_code\convolution\conv_1"><\/item>
<item  id="191" filename="conv.c" linenumber="96" name="add_ln96" contextFuncName="convolutional" moduleName="convolutional" rtlName="add_ln96_fu_612_p2" latency="0" BRAM="-1" DSP="-1" FF="0" LUT="15" fileDirectory="D:\vivado\project\C_code\convolution\conv_1"><\/item>
<item  id="192" filename="conv.c" linenumber="96" name="tmp_6_cast" contextFuncName="convolutional" moduleName="convolutional" rtlName="tmp_6_cast_fu_618_p3" latency="0" BRAM="-1" DSP="-1" FF="-1" LUT="-1" fileDirectory="D:\vivado\project\C_code\convolution\conv_1"><\/item>
<item  id="193" filename="conv.c" linenumber="96" name="add_ln96_1" contextFuncName="convolutional" moduleName="convolutional" rtlName="add_ln96_1_fu_626_p2" latency="0" BRAM="-1" DSP="-1" FF="0" LUT="13" fileDirectory="D:\vivado\project\C_code\convolution\conv_1"><\/item>
<item  id="194" filename="conv.c" linenumber="96" name="zext_ln96" contextFuncName="convolutional" moduleName="convolutional" rtlName="zext_ln96_fu_632_p1" latency="0" BRAM="-1" DSP="-1" FF="-1" LUT="-1" fileDirectory="D:\vivado\project\C_code\convolution\conv_1"><\/item>
<item  id="197" filename="conv.c" linenumber="98" name="col" contextFuncName="convolutional" moduleName="convolutional" rtlName="col_fu_637_p2" latency="0" BRAM="-1" DSP="-1" FF="0" LUT="39" fileDirectory="D:\vivado\project\C_code\convolution\conv_1"><\/item>
<item  id="198" filename="conv.c" linenumber="99" name="icmp_ln99" contextFuncName="convolutional" moduleName="convolutional" rtlName="icmp_ln99_fu_643_p2" latency="0" BRAM="-1" DSP="-1" FF="0" LUT="18" fileDirectory="D:\vivado\project\C_code\convolution\conv_1"><\/item>
<item  id="199" filename="conv.c" linenumber="102" name="row" contextFuncName="convolutional" moduleName="convolutional" rtlName="row_fu_649_p2" latency="0" BRAM="-1" DSP="-1" FF="0" LUT="39" fileDirectory="D:\vivado\project\C_code\convolution\conv_1"><\/item>
<item  id="200" filename="conv.c" linenumber="103" name="icmp_ln103" contextFuncName="convolutional" moduleName="convolutional" rtlName="icmp_ln103_fu_655_p2" latency="0" BRAM="-1" DSP="-1" FF="0" LUT="18" fileDirectory="D:\vivado\project\C_code\convolution\conv_1"><\/item>
<item  id="201" filename="conv.c" linenumber="106" name="ch" contextFuncName="convolutional" moduleName="convolutional" rtlName="ch_fu_661_p2" latency="0" BRAM="-1" DSP="-1" FF="0" LUT="39" fileDirectory="D:\vivado\project\C_code\convolution\conv_1"><\/item>
<item  id="202" filename="conv.c" linenumber="103" name="select_ln103" contextFuncName="convolutional" moduleName="convolutional" rtlName="select_ln103_fu_667_p3" latency="0" BRAM="-1" DSP="-1" FF="0" LUT="32" fileDirectory="D:\vivado\project\C_code\convolution\conv_1"><\/item>
<item  id="203" filename="conv.c" linenumber="103" name="select_ln103_1" contextFuncName="convolutional" moduleName="convolutional" rtlName="select_ln103_1_fu_675_p3" latency="0" BRAM="-1" DSP="-1" FF="0" LUT="32" fileDirectory="D:\vivado\project\C_code\convolution\conv_1"><\/item>
<item  id="204" filename="conv.c" linenumber="99" name="select_ln99" contextFuncName="convolutional" moduleName="convolutional" rtlName="select_ln99_fu_683_p3" latency="0" BRAM="-1" DSP="-1" FF="0" LUT="32" fileDirectory="D:\vivado\project\C_code\convolution\conv_1"><\/item>
<item  id="205" filename="conv.c" linenumber="99" name="select_ln99_1" contextFuncName="convolutional" moduleName="convolutional" rtlName="select_ln99_1_fu_691_p3" latency="0" BRAM="-1" DSP="-1" FF="0" LUT="32" fileDirectory="D:\vivado\project\C_code\convolution\conv_1"><\/item>
<item  id="206" filename="conv.c" linenumber="99" name="select_ln99_2" contextFuncName="convolutional" moduleName="convolutional" rtlName="select_ln99_2_fu_699_p3" latency="0" BRAM="-1" DSP="-1" FF="0" LUT="32" fileDirectory="D:\vivado\project\C_code\convolution\conv_1"><\/item>
<\/annotationInfo>
</annotationInfo>
