<profile>

<section name = "Vivado HLS Report for 'convolutional'" level="0">
<item name = "Date">Fri Dec 20 23:25:43 2019
</item>
<item name = "Version">2019.1 (Build 2552052 on Fri May 24 15:28:33 MDT 2019)</item>
<item name = "Project">conv_1</item>
<item name = "Solution">solution1</item>
<item name = "Product family">zynq</item>
<item name = "Target device">xc7z020-clg484-1</item>
</section>

<section name = "Performance Estimates" level="0">
<item name = "Timing (ns)">
<section name = "" level="1">
<item name = "Summary"><table name="" hasTotal="0">
<keys size="4">Clock, Target, Estimated, Uncertainty</keys>
<column name="ap_clk">10.00, 8.742, 1.25</column>
</table>
</item>
</section>
</item>
<item name = "Latency (clock cycles)">
<section name = "" level="1">
<item name = "Summary"><table name="" hasTotal="0">
<keys size="6">, min, max, min, max, Type</keys>
<column name="">25345, 25345, 25345, 25345, none</column>
</table>
</item>
<item name = "Detail">
<section name = "" level="1">
<item name = "Instance"><table name="" hasTotal="0">
<keys size="7">Instance, Module, min, max, min, max, Type</keys>
</table>
</item>
<item name = "Loop"><table name="" hasTotal="0">
<keys size="8">Loop Name, min, max, Latency, achieved, target, Count, Pipelined</keys>
<column name="- convolutional_label0_convolutional_label1_convolutional_label2">25344, 25344, 33, -, -, 768, no</column>
<column name=" + convolutional_label3">30, 30, 13, 9, 1, 3, yes</column>
</table>
</item>
</section>
</item>
</section>
</item>
</section>

<section name = "Utilization Estimates" level="0">
<item name = "Summary"><table name="" hasTotal="1">
<keys size="6">Name, BRAM_18K, DSP48E, FF, LUT, URAM</keys>
<column name="DSP">-, -, -, -, -</column>
<column name="Expression">-, 9, 0, 1251, -</column>
<column name="FIFO">-, -, -, -, -</column>
<column name="Instance">6, -, 276, 250, -</column>
<column name="Memory">-, -, -, -, -</column>
<column name="Multiplexer">-, -, -, 258, -</column>
<column name="Register">-, -, 683, -, -</column>
<specialColumn name="Available">280, 220, 106400, 53200, 0</specialColumn>
<specialColumn name="Utilization (%)">2, 4, ~0, 3, 0</specialColumn>
</table>
</item>
<item name = "Detail">
<section name = "" level="1">
<item name = "Instance"><table name="" hasTotal="1">
<keys size="7">Instance, Module, BRAM_18K, DSP48E, FF, LUT, URAM</keys>
<column name="convolutional_CONTROL_BUS_s_axi_U">convolutional_CONTROL_BUS_s_axi, 6, 0, 276, 250, 0</column>
</table>
</item>
<item name = "DSP48E"><table name="" hasTotal="0">
<keys size="3">Instance, Module, Expression</keys>
</table>
</item>
<item name = "Memory"><table name="" hasTotal="1">
<keys size="10">Memory, Module, BRAM_18K, FF, LUT, URAM, Words, Bits, Banks, W*Bits*Banks</keys>
</table>
</item>
<item name = "FIFO"><table name="" hasTotal="1">
<keys size="8">Name, BRAM_18K, FF, LUT, URAM, Depth, Bits, Size:D*B</keys>
</table>
</item>
<item name = "Expression"><table name="" hasTotal="1">
<keys size="7">Variable Name, Operation, DSP48E, FF, LUT, Bitwidth P0, Bitwidth P1</keys>
<column name="grp_fu_419_p2">*, 3, 0, 20, 32, 32</column>
<column name="grp_fu_425_p2">*, 3, 0, 20, 32, 32</column>
<column name="mul_ln25_6_fu_969_p2">*, 3, 0, 20, 32, 32</column>
<column name="add_ln16_fu_463_p2">+, 0, 0, 14, 10, 1</column>
<column name="add_ln18_fu_1120_p2">+, 0, 0, 14, 10, 1</column>
<column name="add_ln25_10_fu_989_p2">+, 0, 0, 32, 32, 32</column>
<column name="add_ln25_11_fu_994_p2">+, 0, 0, 32, 32, 32</column>
<column name="add_ln25_12_fu_601_p2">+, 0, 0, 15, 5, 2</column>
<column name="add_ln25_14_fu_683_p2">+, 0, 0, 15, 7, 7</column>
<column name="add_ln25_15_fu_721_p2">+, 0, 0, 15, 7, 7</column>
<column name="add_ln25_16_fu_745_p2">+, 0, 0, 13, 11, 11</column>
<column name="add_ln25_17_fu_751_p2">+, 0, 0, 13, 11, 11</column>
<column name="add_ln25_18_fu_779_p2">+, 0, 0, 13, 11, 11</column>
<column name="add_ln25_19_fu_861_p2">+, 0, 0, 13, 11, 11</column>
<column name="add_ln25_20_fu_761_p2">+, 0, 0, 15, 7, 7</column>
<column name="add_ln25_21_fu_816_p2">+, 0, 0, 13, 11, 11</column>
<column name="add_ln25_22_fu_865_p2">+, 0, 0, 13, 11, 11</column>
<column name="add_ln25_23_fu_822_p2">+, 0, 0, 13, 11, 11</column>
<column name="add_ln25_24_fu_842_p2">+, 0, 0, 13, 11, 11</column>
<column name="add_ln25_25_fu_765_p2">+, 0, 0, 15, 7, 7</column>
<column name="add_ln25_26_fu_887_p2">+, 0, 0, 13, 11, 11</column>
<column name="add_ln25_27_fu_893_p2">+, 0, 0, 13, 11, 11</column>
<column name="add_ln25_28_fu_898_p2">+, 0, 0, 13, 11, 11</column>
<column name="add_ln25_29_fu_908_p2">+, 0, 0, 13, 11, 11</column>
<column name="add_ln25_2_fu_619_p2">+, 0, 0, 15, 5, 2</column>
<column name="add_ln25_30_fu_689_p2">+, 0, 0, 15, 6, 6</column>
<column name="add_ln25_31_fu_710_p2">+, 0, 0, 15, 8, 8</column>
<column name="add_ln25_32_fu_769_p2">+, 0, 0, 15, 1, 8</column>
<column name="add_ln25_33_fu_927_p2">+, 0, 0, 15, 2, 8</column>
<column name="add_ln25_34_fu_941_p2">+, 0, 0, 15, 2, 8</column>
<column name="add_ln25_35_fu_788_p2">+, 0, 0, 15, 3, 8</column>
<column name="add_ln25_36_fu_832_p2">+, 0, 0, 15, 3, 8</column>
<column name="add_ln25_37_fu_955_p2">+, 0, 0, 15, 3, 8</column>
<column name="add_ln25_38_fu_851_p2">+, 0, 0, 15, 3, 8</column>
<column name="add_ln25_39_fu_913_p2">+, 0, 0, 15, 4, 8</column>
<column name="add_ln25_3_fu_557_p2">+, 0, 0, 15, 5, 1</column>
<column name="add_ln25_5_fu_974_p2">+, 0, 0, 32, 32, 32</column>
<column name="add_ln25_6_fu_980_p2">+, 0, 0, 32, 32, 32</column>
<column name="add_ln25_9_fu_985_p2">+, 0, 0, 32, 32, 32</column>
<column name="add_ln25_fu_445_p2">+, 0, 0, 15, 5, 2</column>
<column name="add_ln30_1_fu_1039_p2">+, 0, 0, 13, 11, 11</column>
<column name="add_ln30_fu_1025_p2">+, 0, 0, 15, 7, 7</column>
<column name="ax_fu_451_p2">+, 0, 0, 15, 5, 1</column>
<column name="ay_fu_633_p2">+, 0, 0, 15, 5, 1</column>
<column name="c_fu_649_p2">+, 0, 0, 10, 2, 1</column>
<column name="ch_fu_1074_p2">+, 0, 0, 39, 32, 1</column>
<column name="col_fu_1050_p2">+, 0, 0, 39, 32, 1</column>
<column name="grp_fu_439_p2">+, 0, 0, 39, 32, 32</column>
<column name="k_fu_469_p2">+, 0, 0, 10, 2, 1</column>
<column name="row_fu_1062_p2">+, 0, 0, 39, 32, 1</column>
<column name="temp_fu_999_p2">+, 0, 0, 32, 32, 32</column>
<column name="sub_ln25_fu_513_p2">-, 0, 0, 15, 5, 5</column>
<column name="and_ln25_fu_551_p2">and, 0, 0, 2, 1, 1</column>
<column name="icmp_ln16_fu_457_p2">icmp, 0, 0, 13, 10, 10</column>
<column name="icmp_ln18_fu_475_p2">icmp, 0, 0, 13, 10, 9</column>
<column name="icmp_ln20_fu_545_p2">icmp, 0, 0, 11, 5, 5</column>
<column name="icmp_ln22_fu_643_p2">icmp, 0, 0, 8, 2, 2</column>
<column name="icmp_ln33_fu_1056_p2">icmp, 0, 0, 18, 32, 5</column>
<column name="icmp_ln37_fu_1068_p2">icmp, 0, 0, 18, 32, 5</column>
<column name="or_ln25_fu_563_p2">or, 0, 0, 2, 1, 1</column>
<column name="select_ln18_fu_1126_p3">select, 0, 0, 10, 1, 1</column>
<column name="select_ln25_1_fu_489_p3">select, 0, 0, 2, 1, 2</column>
<column name="select_ln25_2_fu_523_p3">select, 0, 0, 5, 1, 1</column>
<column name="select_ln25_3_fu_531_p3">select, 0, 0, 5, 1, 2</column>
<column name="select_ln25_4_fu_569_p3">select, 0, 0, 5, 1, 1</column>
<column name="select_ln25_5_fu_577_p3">select, 0, 0, 5, 1, 5</column>
<column name="select_ln25_6_fu_589_p3">select, 0, 0, 5, 1, 5</column>
<column name="select_ln25_7_fu_607_p3">select, 0, 0, 5, 1, 5</column>
<column name="select_ln25_fu_481_p3">select, 0, 0, 5, 1, 1</column>
<column name="select_ln33_1_fu_1104_p3">select, 0, 0, 32, 1, 32</column>
<column name="select_ln33_2_fu_1112_p3">select, 0, 0, 32, 1, 32</column>
<column name="select_ln33_fu_1096_p3">select, 0, 0, 32, 1, 1</column>
<column name="select_ln37_1_fu_1088_p3">select, 0, 0, 32, 1, 32</column>
<column name="select_ln37_fu_1080_p3">select, 0, 0, 32, 1, 1</column>
<column name="ap_enable_pp0">xor, 0, 0, 2, 1, 2</column>
<column name="xor_ln25_fu_539_p2">xor, 0, 0, 2, 1, 2</column>
</table>
</item>
<item name = "Multiplexer"><table name="" hasTotal="1">
<keys size="5">Name, LUT, Input Size, Bits, Total Bits</keys>
<column name="ap_NS_fsm">56, 13, 1, 13</column>
<column name="ap_enable_reg_pp0_iter1">9, 2, 1, 2</column>
<column name="ap_phi_mux_c_0_phi_fu_400_p4">9, 2, 2, 4</column>
<column name="ax_0_reg_325">9, 2, 5, 10</column>
<column name="ay_0_reg_372">9, 2, 5, 10</column>
<column name="c_0_reg_396">9, 2, 2, 4</column>
<column name="ch_2_reg_360">9, 2, 32, 64</column>
<column name="col_2_reg_336">9, 2, 32, 64</column>
<column name="image_r_address0">47, 10, 10, 100</column>
<column name="indvar_flatten27_reg_291">9, 2, 10, 20</column>
<column name="indvar_flatten_reg_313">9, 2, 10, 20</column>
<column name="k_0_reg_302">9, 2, 2, 4</column>
<column name="kernal_address0">47, 10, 7, 70</column>
<column name="row_2_reg_348">9, 2, 32, 64</column>
<column name="temp_3_reg_383">9, 2, 32, 64</column>
</table>
</item>
<item name = "Register"><table name="" hasTotal="1">
<keys size="5">Name, FF, LUT, Bits, Const Bits</keys>
<column name="add_ln16_reg_1137">10, 0, 10, 0</column>
<column name="add_ln25_14_reg_1212">6, 0, 7, 1</column>
<column name="add_ln25_16_reg_1236">10, 0, 11, 1</column>
<column name="add_ln25_19_reg_1300">11, 0, 11, 0</column>
<column name="add_ln25_20_reg_1247">7, 0, 7, 0</column>
<column name="add_ln25_21_reg_1274">10, 0, 11, 1</column>
<column name="add_ln25_22_reg_1305">11, 0, 11, 0</column>
<column name="add_ln25_25_reg_1253">7, 0, 7, 0</column>
<column name="add_ln25_27_reg_1310">11, 0, 11, 0</column>
<column name="add_ln25_29_reg_1320">11, 0, 11, 0</column>
<column name="add_ln25_31_reg_1219">8, 0, 8, 0</column>
<column name="add_ln25_4_reg_1330">32, 0, 32, 0</column>
<column name="add_ln25_6_reg_1390">32, 0, 32, 0</column>
<column name="add_ln25_7_reg_1355">32, 0, 32, 0</column>
<column name="add_ln25_8_reg_1380">32, 0, 32, 0</column>
<column name="ap_CS_fsm">12, 0, 12, 0</column>
<column name="ap_enable_reg_pp0_iter0">1, 0, 1, 0</column>
<column name="ap_enable_reg_pp0_iter1">1, 0, 1, 0</column>
<column name="ax_0_reg_325">5, 0, 5, 0</column>
<column name="ay_0_reg_372">5, 0, 5, 0</column>
<column name="ay_reg_1191">5, 0, 5, 0</column>
<column name="c_0_reg_396">2, 0, 2, 0</column>
<column name="c_reg_1207">2, 0, 2, 0</column>
<column name="ch_2_reg_360">32, 0, 32, 0</column>
<column name="col_2_reg_336">32, 0, 32, 0</column>
<column name="icmp_ln18_reg_1142">1, 0, 1, 0</column>
<column name="icmp_ln22_reg_1203">1, 0, 1, 0</column>
<column name="icmp_ln22_reg_1203_pp0_iter1_reg">1, 0, 1, 0</column>
<column name="indvar_flatten27_reg_291">10, 0, 10, 0</column>
<column name="indvar_flatten_reg_313">10, 0, 10, 0</column>
<column name="k_0_reg_302">2, 0, 2, 0</column>
<column name="kernal_load_6_reg_1375">32, 0, 32, 0</column>
<column name="mul_ln25_6_reg_1385">32, 0, 32, 0</column>
<column name="reg_407">32, 0, 32, 0</column>
<column name="reg_411">32, 0, 32, 0</column>
<column name="reg_415">32, 0, 32, 0</column>
<column name="reg_431">32, 0, 32, 0</column>
<column name="reg_435">32, 0, 32, 0</column>
<column name="row_2_reg_348">32, 0, 32, 0</column>
<column name="select_ln25_1_reg_1147">2, 0, 2, 0</column>
<column name="select_ln25_6_reg_1162">5, 0, 5, 0</column>
<column name="sext_ln25_reg_1152">6, 0, 6, 0</column>
<column name="temp_3_reg_383">32, 0, 32, 0</column>
<column name="zext_ln22_reg_1196">5, 0, 11, 6</column>
<column name="zext_ln25_2_reg_1157">5, 0, 7, 2</column>
<column name="zext_ln25_3_reg_1167">5, 0, 7, 2</column>
<column name="zext_ln25_4_reg_1172">5, 0, 7, 2</column>
<column name="zext_ln25_5_reg_1177">5, 0, 11, 6</column>
<column name="zext_ln25_6_reg_1184">5, 0, 11, 6</column>
</table>
</item>
</section>
</item>
</section>

<section name = "Interface" level="0">
<item name = "Summary"><table name="" hasTotal="0">
<keys size="6">RTL Ports, Dir, Bits, Protocol, Source Object, C Type</keys>
<column name="s_axi_CONTROL_BUS_AWVALID">in, 1, s_axi, CONTROL_BUS, array</column>
<column name="s_axi_CONTROL_BUS_AWREADY">out, 1, s_axi, CONTROL_BUS, array</column>
<column name="s_axi_CONTROL_BUS_AWADDR">in, 14, s_axi, CONTROL_BUS, array</column>
<column name="s_axi_CONTROL_BUS_WVALID">in, 1, s_axi, CONTROL_BUS, array</column>
<column name="s_axi_CONTROL_BUS_WREADY">out, 1, s_axi, CONTROL_BUS, array</column>
<column name="s_axi_CONTROL_BUS_WDATA">in, 32, s_axi, CONTROL_BUS, array</column>
<column name="s_axi_CONTROL_BUS_WSTRB">in, 4, s_axi, CONTROL_BUS, array</column>
<column name="s_axi_CONTROL_BUS_ARVALID">in, 1, s_axi, CONTROL_BUS, array</column>
<column name="s_axi_CONTROL_BUS_ARREADY">out, 1, s_axi, CONTROL_BUS, array</column>
<column name="s_axi_CONTROL_BUS_ARADDR">in, 14, s_axi, CONTROL_BUS, array</column>
<column name="s_axi_CONTROL_BUS_RVALID">out, 1, s_axi, CONTROL_BUS, array</column>
<column name="s_axi_CONTROL_BUS_RREADY">in, 1, s_axi, CONTROL_BUS, array</column>
<column name="s_axi_CONTROL_BUS_RDATA">out, 32, s_axi, CONTROL_BUS, array</column>
<column name="s_axi_CONTROL_BUS_RRESP">out, 2, s_axi, CONTROL_BUS, array</column>
<column name="s_axi_CONTROL_BUS_BVALID">out, 1, s_axi, CONTROL_BUS, array</column>
<column name="s_axi_CONTROL_BUS_BREADY">in, 1, s_axi, CONTROL_BUS, array</column>
<column name="s_axi_CONTROL_BUS_BRESP">out, 2, s_axi, CONTROL_BUS, array</column>
<column name="ap_clk">in, 1, ap_ctrl_hs, convolutional, return value</column>
<column name="ap_rst_n">in, 1, ap_ctrl_hs, convolutional, return value</column>
<column name="interrupt">out, 1, ap_ctrl_hs, convolutional, return value</column>
</table>
</item>
</section>
</profile>
