<annotationInfo>
<annotationInfo>
<item  id="25" filename="conv_1/conv.c" linenumber="25" name="add_ln25" contextFuncName="convolutional" moduleName="convolutional" rtlName="add_ln25_fu_445_p2" latency="0" BRAM="-1" DSP="-1" FF="0" LUT="15" fileDirectory="D:\vivado\project\C_code\convolution"><\/item>
<item  id="26" filename="conv_1/conv.c" linenumber="25" name="ax" contextFuncName="convolutional" moduleName="convolutional" rtlName="ax_fu_451_p2" latency="0" BRAM="-1" DSP="-1" FF="0" LUT="15" fileDirectory="D:\vivado\project\C_code\convolution"><\/item>
<item  id="27" filename="conv_1/conv.c" linenumber="16" name="icmp_ln16" contextFuncName="convolutional" moduleName="convolutional" rtlName="icmp_ln16_fu_457_p2" latency="0" BRAM="-1" DSP="-1" FF="0" LUT="13" fileDirectory="D:\vivado\project\C_code\convolution"><\/item>
<item  id="28" filename="conv_1/conv.c" linenumber="16" name="add_ln16" contextFuncName="convolutional" moduleName="convolutional" rtlName="add_ln16_fu_463_p2" latency="0" BRAM="-1" DSP="-1" FF="0" LUT="14" fileDirectory="D:\vivado\project\C_code\convolution"><\/item>
<item  id="31" filename="conv_1/conv.c" linenumber="16" name="k" contextFuncName="convolutional" moduleName="convolutional" rtlName="k_fu_469_p2" latency="0" BRAM="-1" DSP="-1" FF="0" LUT="10" fileDirectory="D:\vivado\project\C_code\convolution"><\/item>
<item  id="34" filename="conv_1/conv.c" linenumber="18" name="icmp_ln18" contextFuncName="convolutional" moduleName="convolutional" rtlName="icmp_ln18_fu_475_p2" latency="0" BRAM="-1" DSP="-1" FF="0" LUT="13" fileDirectory="D:\vivado\project\C_code\convolution"><\/item>
<item  id="35" filename="conv_1/conv.c" linenumber="25" name="select_ln25" contextFuncName="convolutional" moduleName="convolutional" rtlName="select_ln25_fu_481_p3" latency="0" BRAM="-1" DSP="-1" FF="0" LUT="5" fileDirectory="D:\vivado\project\C_code\convolution"><\/item>
<item  id="36" filename="conv_1/conv.c" linenumber="25" name="select_ln25_1" contextFuncName="convolutional" moduleName="convolutional" rtlName="select_ln25_1_fu_489_p3" latency="0" BRAM="-1" DSP="-1" FF="0" LUT="2" fileDirectory="D:\vivado\project\C_code\convolution"><\/item>
<item  id="37" filename="conv_1/conv.c" linenumber="25" name="zext_ln25" contextFuncName="convolutional" moduleName="convolutional" rtlName="zext_ln25_fu_497_p1" latency="0" BRAM="-1" DSP="-1" FF="-1" LUT="-1" fileDirectory="D:\vivado\project\C_code\convolution"><\/item>
<item  id="38" filename="conv_1/conv.c" linenumber="25" name="tmp" contextFuncName="convolutional" moduleName="convolutional" rtlName="tmp_fu_501_p3" latency="0" BRAM="-1" DSP="-1" FF="-1" LUT="-1" fileDirectory="D:\vivado\project\C_code\convolution"><\/item>
<item  id="39" filename="conv_1/conv.c" linenumber="25" name="zext_ln25_1" contextFuncName="convolutional" moduleName="convolutional" rtlName="zext_ln25_1_fu_509_p1" latency="0" BRAM="-1" DSP="-1" FF="-1" LUT="-1" fileDirectory="D:\vivado\project\C_code\convolution"><\/item>
<item  id="40" filename="conv_1/conv.c" linenumber="25" name="sub_ln25" contextFuncName="convolutional" moduleName="convolutional" rtlName="sub_ln25_fu_513_p2" latency="0" BRAM="-1" DSP="-1" FF="0" LUT="15" fileDirectory="D:\vivado\project\C_code\convolution"><\/item>
<item  id="41" filename="conv_1/conv.c" linenumber="25" name="sext_ln25" contextFuncName="convolutional" moduleName="convolutional" rtlName="sext_ln25_fu_519_p1" latency="0" BRAM="-1" DSP="-1" FF="-1" LUT="-1" fileDirectory="D:\vivado\project\C_code\convolution"><\/item>
<item  id="42" filename="conv_1/conv.c" linenumber="25" name="select_ln25_2" contextFuncName="convolutional" moduleName="convolutional" rtlName="select_ln25_2_fu_523_p3" latency="0" BRAM="-1" DSP="-1" FF="0" LUT="5" fileDirectory="D:\vivado\project\C_code\convolution"><\/item>
<item  id="43" filename="conv_1/conv.c" linenumber="25" name="select_ln25_3" contextFuncName="convolutional" moduleName="convolutional" rtlName="select_ln25_3_fu_531_p3" latency="0" BRAM="-1" DSP="-1" FF="0" LUT="5" fileDirectory="D:\vivado\project\C_code\convolution"><\/item>
<item  id="44" filename="conv_1/conv.c" linenumber="25" name="xor_ln25" contextFuncName="convolutional" moduleName="convolutional" rtlName="xor_ln25_fu_539_p2" latency="0" BRAM="-1" DSP="-1" FF="0" LUT="2" fileDirectory="D:\vivado\project\C_code\convolution"><\/item>
<item  id="45" filename="conv_1/conv.c" linenumber="20" name="icmp_ln20" contextFuncName="convolutional" moduleName="convolutional" rtlName="icmp_ln20_fu_545_p2" latency="0" BRAM="-1" DSP="-1" FF="0" LUT="11" fileDirectory="D:\vivado\project\C_code\convolution"><\/item>
<item  id="46" filename="conv_1/conv.c" linenumber="25" name="and_ln25" contextFuncName="convolutional" moduleName="convolutional" rtlName="and_ln25_fu_551_p2" latency="0" BRAM="-1" DSP="-1" FF="0" LUT="2" fileDirectory="D:\vivado\project\C_code\convolution"><\/item>
<item  id="47" filename="conv_1/conv.c" linenumber="25" name="add_ln25_3" contextFuncName="convolutional" moduleName="convolutional" rtlName="add_ln25_3_fu_557_p2" latency="0" BRAM="-1" DSP="-1" FF="0" LUT="15" fileDirectory="D:\vivado\project\C_code\convolution"><\/item>
<item  id="49" filename="conv_1/conv.c" linenumber="25" name="or_ln25" contextFuncName="convolutional" moduleName="convolutional" rtlName="or_ln25_fu_563_p2" latency="0" BRAM="-1" DSP="-1" FF="0" LUT="2" fileDirectory="D:\vivado\project\C_code\convolution"><\/item>
<item  id="50" filename="conv_1/conv.c" linenumber="25" name="select_ln25_4" contextFuncName="convolutional" moduleName="convolutional" rtlName="select_ln25_4_fu_569_p3" latency="0" BRAM="-1" DSP="-1" FF="0" LUT="5" fileDirectory="D:\vivado\project\C_code\convolution"><\/item>
<item  id="51" filename="conv_1/conv.c" linenumber="25" name="select_ln25_5" contextFuncName="convolutional" moduleName="convolutional" rtlName="select_ln25_5_fu_577_p3" latency="0" BRAM="-1" DSP="-1" FF="0" LUT="5" fileDirectory="D:\vivado\project\C_code\convolution"><\/item>
<item  id="52" filename="conv_1/conv.c" linenumber="25" name="zext_ln25_2" contextFuncName="convolutional" moduleName="convolutional" rtlName="zext_ln25_2_fu_585_p1" latency="0" BRAM="-1" DSP="-1" FF="-1" LUT="-1" fileDirectory="D:\vivado\project\C_code\convolution"><\/item>
<item  id="53" filename="conv_1/conv.c" linenumber="25" name="select_ln25_6" contextFuncName="convolutional" moduleName="convolutional" rtlName="select_ln25_6_fu_589_p3" latency="0" BRAM="-1" DSP="-1" FF="0" LUT="5" fileDirectory="D:\vivado\project\C_code\convolution"><\/item>
<item  id="54" filename="conv_1/conv.c" linenumber="25" name="zext_ln25_3" contextFuncName="convolutional" moduleName="convolutional" rtlName="zext_ln25_3_fu_597_p1" latency="0" BRAM="-1" DSP="-1" FF="-1" LUT="-1" fileDirectory="D:\vivado\project\C_code\convolution"><\/item>
<item  id="55" filename="conv_1/conv.c" linenumber="25" name="add_ln25_12" contextFuncName="convolutional" moduleName="convolutional" rtlName="add_ln25_12_fu_601_p2" latency="0" BRAM="-1" DSP="-1" FF="0" LUT="15" fileDirectory="D:\vivado\project\C_code\convolution"><\/item>
<item  id="56" filename="conv_1/conv.c" linenumber="25" name="select_ln25_7" contextFuncName="convolutional" moduleName="convolutional" rtlName="select_ln25_7_fu_607_p3" latency="0" BRAM="-1" DSP="-1" FF="0" LUT="5" fileDirectory="D:\vivado\project\C_code\convolution"><\/item>
<item  id="57" filename="conv_1/conv.c" linenumber="25" name="zext_ln25_4" contextFuncName="convolutional" moduleName="convolutional" rtlName="zext_ln25_4_fu_615_p1" latency="0" BRAM="-1" DSP="-1" FF="-1" LUT="-1" fileDirectory="D:\vivado\project\C_code\convolution"><\/item>
<item  id="60" filename="conv_1/conv.c" linenumber="25" name="add_ln25_2" contextFuncName="convolutional" moduleName="convolutional" rtlName="add_ln25_2_fu_619_p2" latency="0" BRAM="-1" DSP="-1" FF="0" LUT="15" fileDirectory="D:\vivado\project\C_code\convolution"><\/item>
<item  id="61" filename="conv_1/conv.c" linenumber="25" name="zext_ln25_5" contextFuncName="convolutional" moduleName="convolutional" rtlName="zext_ln25_5_fu_625_p1" latency="0" BRAM="-1" DSP="-1" FF="-1" LUT="-1" fileDirectory="D:\vivado\project\C_code\convolution"><\/item>
<item  id="62" filename="conv_1/conv.c" linenumber="25" name="zext_ln25_6" contextFuncName="convolutional" moduleName="convolutional" rtlName="zext_ln25_6_fu_629_p1" latency="0" BRAM="-1" DSP="-1" FF="-1" LUT="-1" fileDirectory="D:\vivado\project\C_code\convolution"><\/item>
<item  id="63" filename="conv_1/conv.c" linenumber="25" name="ay" contextFuncName="convolutional" moduleName="convolutional" rtlName="ay_fu_633_p2" latency="0" BRAM="-1" DSP="-1" FF="0" LUT="15" fileDirectory="D:\vivado\project\C_code\convolution"><\/item>
<item  id="64" filename="conv_1/conv.c" linenumber="22" name="zext_ln22" contextFuncName="convolutional" moduleName="convolutional" rtlName="zext_ln22_fu_639_p1" latency="0" BRAM="-1" DSP="-1" FF="-1" LUT="-1" fileDirectory="D:\vivado\project\C_code\convolution"><\/item>
<item  id="69" filename="conv_1/conv.c" linenumber="22" name="icmp_ln22" contextFuncName="convolutional" moduleName="convolutional" rtlName="icmp_ln22_fu_643_p2" latency="0" BRAM="-1" DSP="-1" FF="0" LUT="8" fileDirectory="D:\vivado\project\C_code\convolution"><\/item>
<item  id="71" filename="conv_1/conv.c" linenumber="22" name="c" contextFuncName="convolutional" moduleName="convolutional" rtlName="c_fu_649_p2" latency="0" BRAM="-1" DSP="-1" FF="0" LUT="10" fileDirectory="D:\vivado\project\C_code\convolution"><\/item>
<item  id="77" filename="conv_1/conv.c" linenumber="25" name="zext_ln25_7" contextFuncName="convolutional" moduleName="convolutional" rtlName="zext_ln25_7_fu_655_p1" latency="0" BRAM="-1" DSP="-1" FF="-1" LUT="-1" fileDirectory="D:\vivado\project\C_code\convolution"><\/item>
<item  id="78" filename="conv_1/conv.c" linenumber="25" name="tmp_6" contextFuncName="convolutional" moduleName="convolutional" rtlName="tmp_6_fu_659_p3" latency="0" BRAM="-1" DSP="-1" FF="-1" LUT="-1" fileDirectory="D:\vivado\project\C_code\convolution"><\/item>
<item  id="79" filename="conv_1/conv.c" linenumber="25" name="zext_ln25_8" contextFuncName="convolutional" moduleName="convolutional" rtlName="zext_ln25_8_fu_667_p1" latency="0" BRAM="-1" DSP="-1" FF="-1" LUT="-1" fileDirectory="D:\vivado\project\C_code\convolution"><\/item>
<item  id="80" filename="conv_1/conv.c" linenumber="25" name="tmp_7" contextFuncName="convolutional" moduleName="convolutional" rtlName="tmp_7_fu_671_p3" latency="0" BRAM="-1" DSP="-1" FF="-1" LUT="-1" fileDirectory="D:\vivado\project\C_code\convolution"><\/item>
<item  id="81" filename="conv_1/conv.c" linenumber="25" name="zext_ln25_9" contextFuncName="convolutional" moduleName="convolutional" rtlName="zext_ln25_9_fu_679_p1" latency="0" BRAM="-1" DSP="-1" FF="-1" LUT="-1" fileDirectory="D:\vivado\project\C_code\convolution"><\/item>
<item  id="82" filename="conv_1/conv.c" linenumber="25" name="add_ln25_14" contextFuncName="convolutional" moduleName="convolutional" rtlName="add_ln25_14_fu_683_p2" latency="0" BRAM="-1" DSP="-1" FF="0" LUT="15" fileDirectory="D:\vivado\project\C_code\convolution"><\/item>
<item  id="83" filename="conv_1/conv.c" linenumber="25" name="add_ln25_15" contextFuncName="convolutional" moduleName="convolutional" rtlName="add_ln25_15_fu_721_p2" latency="0" BRAM="-1" DSP="-1" FF="0" LUT="15" fileDirectory="D:\vivado\project\C_code\convolution"><\/item>
<item  id="84" filename="conv_1/conv.c" linenumber="25" name="p_shl6_cast" contextFuncName="convolutional" moduleName="convolutional" rtlName="p_shl6_cast_fu_725_p3" latency="0" BRAM="-1" DSP="-1" FF="-1" LUT="-1" fileDirectory="D:\vivado\project\C_code\convolution"><\/item>
<item  id="85" filename="conv_1/conv.c" linenumber="25" name="tmp_1" contextFuncName="convolutional" moduleName="convolutional" rtlName="tmp_1_fu_733_p3" latency="0" BRAM="-1" DSP="-1" FF="-1" LUT="-1" fileDirectory="D:\vivado\project\C_code\convolution"><\/item>
<item  id="86" filename="conv_1/conv.c" linenumber="25" name="zext_ln25_10" contextFuncName="convolutional" moduleName="convolutional" rtlName="zext_ln25_10_fu_741_p1" latency="0" BRAM="-1" DSP="-1" FF="-1" LUT="-1" fileDirectory="D:\vivado\project\C_code\convolution"><\/item>
<item  id="87" filename="conv_1/conv.c" linenumber="25" name="add_ln25_16" contextFuncName="convolutional" moduleName="convolutional" rtlName="add_ln25_16_fu_745_p2" latency="0" BRAM="-1" DSP="-1" FF="0" LUT="13" fileDirectory="D:\vivado\project\C_code\convolution"><\/item>
<item  id="88" filename="conv_1/conv.c" linenumber="25" name="add_ln25_17" contextFuncName="convolutional" moduleName="convolutional" rtlName="add_ln25_17_fu_751_p2" latency="0" BRAM="-1" DSP="-1" FF="0" LUT="13" fileDirectory="D:\vivado\project\C_code\convolution"><\/item>
<item  id="89" filename="conv_1/conv.c" linenumber="25" name="zext_ln25_11" contextFuncName="convolutional" moduleName="convolutional" rtlName="zext_ln25_11_fu_756_p1" latency="0" BRAM="-1" DSP="-1" FF="-1" LUT="-1" fileDirectory="D:\vivado\project\C_code\convolution"><\/item>
<item  id="91" filename="conv_1/conv.c" linenumber="25" name="add_ln25_18" contextFuncName="convolutional" moduleName="convolutional" rtlName="add_ln25_18_fu_779_p2" latency="0" BRAM="-1" DSP="-1" FF="0" LUT="13" fileDirectory="D:\vivado\project\C_code\convolution"><\/item>
<item  id="92" filename="conv_1/conv.c" linenumber="25" name="zext_ln25_12" contextFuncName="convolutional" moduleName="convolutional" rtlName="zext_ln25_12_fu_783_p1" latency="0" BRAM="-1" DSP="-1" FF="-1" LUT="-1" fileDirectory="D:\vivado\project\C_code\convolution"><\/item>
<item  id="94" filename="conv_1/conv.c" linenumber="25" name="add_ln25_19" contextFuncName="convolutional" moduleName="convolutional" rtlName="add_ln25_19_fu_861_p2" latency="0" BRAM="-1" DSP="-1" FF="0" LUT="13" fileDirectory="D:\vivado\project\C_code\convolution"><\/item>
<item  id="95" filename="conv_1/conv.c" linenumber="25" name="zext_ln25_13" contextFuncName="convolutional" moduleName="convolutional" rtlName="zext_ln25_13_fu_937_p1" latency="0" BRAM="-1" DSP="-1" FF="-1" LUT="-1" fileDirectory="D:\vivado\project\C_code\convolution"><\/item>
<item  id="97" filename="conv_1/conv.c" linenumber="25" name="add_ln25_20" contextFuncName="convolutional" moduleName="convolutional" rtlName="add_ln25_20_fu_761_p2" latency="0" BRAM="-1" DSP="-1" FF="0" LUT="15" fileDirectory="D:\vivado\project\C_code\convolution"><\/item>
<item  id="98" filename="conv_1/conv.c" linenumber="25" name="p_shl4_cast" contextFuncName="convolutional" moduleName="convolutional" rtlName="p_shl4_cast_fu_798_p3" latency="0" BRAM="-1" DSP="-1" FF="-1" LUT="-1" fileDirectory="D:\vivado\project\C_code\convolution"><\/item>
<item  id="99" filename="conv_1/conv.c" linenumber="25" name="tmp_4" contextFuncName="convolutional" moduleName="convolutional" rtlName="tmp_4_fu_805_p3" latency="0" BRAM="-1" DSP="-1" FF="-1" LUT="-1" fileDirectory="D:\vivado\project\C_code\convolution"><\/item>
<item  id="100" filename="conv_1/conv.c" linenumber="25" name="zext_ln25_14" contextFuncName="convolutional" moduleName="convolutional" rtlName="zext_ln25_14_fu_812_p1" latency="0" BRAM="-1" DSP="-1" FF="-1" LUT="-1" fileDirectory="D:\vivado\project\C_code\convolution"><\/item>
<item  id="101" filename="conv_1/conv.c" linenumber="25" name="add_ln25_21" contextFuncName="convolutional" moduleName="convolutional" rtlName="add_ln25_21_fu_816_p2" latency="0" BRAM="-1" DSP="-1" FF="0" LUT="13" fileDirectory="D:\vivado\project\C_code\convolution"><\/item>
<item  id="102" filename="conv_1/conv.c" linenumber="25" name="add_ln25_22" contextFuncName="convolutional" moduleName="convolutional" rtlName="add_ln25_22_fu_865_p2" latency="0" BRAM="-1" DSP="-1" FF="0" LUT="13" fileDirectory="D:\vivado\project\C_code\convolution"><\/item>
<item  id="103" filename="conv_1/conv.c" linenumber="25" name="zext_ln25_15" contextFuncName="convolutional" moduleName="convolutional" rtlName="zext_ln25_15_fu_951_p1" latency="0" BRAM="-1" DSP="-1" FF="-1" LUT="-1" fileDirectory="D:\vivado\project\C_code\convolution"><\/item>
<item  id="105" filename="conv_1/conv.c" linenumber="25" name="add_ln25_23" contextFuncName="convolutional" moduleName="convolutional" rtlName="add_ln25_23_fu_822_p2" latency="0" BRAM="-1" DSP="-1" FF="0" LUT="13" fileDirectory="D:\vivado\project\C_code\convolution"><\/item>
<item  id="106" filename="conv_1/conv.c" linenumber="25" name="zext_ln25_16" contextFuncName="convolutional" moduleName="convolutional" rtlName="zext_ln25_16_fu_827_p1" latency="0" BRAM="-1" DSP="-1" FF="-1" LUT="-1" fileDirectory="D:\vivado\project\C_code\convolution"><\/item>
<item  id="108" filename="conv_1/conv.c" linenumber="25" name="add_ln25_24" contextFuncName="convolutional" moduleName="convolutional" rtlName="add_ln25_24_fu_842_p2" latency="0" BRAM="-1" DSP="-1" FF="0" LUT="13" fileDirectory="D:\vivado\project\C_code\convolution"><\/item>
<item  id="109" filename="conv_1/conv.c" linenumber="25" name="zext_ln25_17" contextFuncName="convolutional" moduleName="convolutional" rtlName="zext_ln25_17_fu_846_p1" latency="0" BRAM="-1" DSP="-1" FF="-1" LUT="-1" fileDirectory="D:\vivado\project\C_code\convolution"><\/item>
<item  id="111" filename="conv_1/conv.c" linenumber="25" name="add_ln25_25" contextFuncName="convolutional" moduleName="convolutional" rtlName="add_ln25_25_fu_765_p2" latency="0" BRAM="-1" DSP="-1" FF="0" LUT="15" fileDirectory="D:\vivado\project\C_code\convolution"><\/item>
<item  id="112" filename="conv_1/conv.c" linenumber="25" name="p_shl2_cast" contextFuncName="convolutional" moduleName="convolutional" rtlName="p_shl2_cast_fu_869_p3" latency="0" BRAM="-1" DSP="-1" FF="-1" LUT="-1" fileDirectory="D:\vivado\project\C_code\convolution"><\/item>
<item  id="113" filename="conv_1/conv.c" linenumber="25" name="tmp_5" contextFuncName="convolutional" moduleName="convolutional" rtlName="tmp_5_fu_876_p3" latency="0" BRAM="-1" DSP="-1" FF="-1" LUT="-1" fileDirectory="D:\vivado\project\C_code\convolution"><\/item>
<item  id="114" filename="conv_1/conv.c" linenumber="25" name="zext_ln25_18" contextFuncName="convolutional" moduleName="convolutional" rtlName="zext_ln25_18_fu_883_p1" latency="0" BRAM="-1" DSP="-1" FF="-1" LUT="-1" fileDirectory="D:\vivado\project\C_code\convolution"><\/item>
<item  id="115" filename="conv_1/conv.c" linenumber="25" name="add_ln25_26" contextFuncName="convolutional" moduleName="convolutional" rtlName="add_ln25_26_fu_887_p2" latency="0" BRAM="-1" DSP="-1" FF="0" LUT="13" fileDirectory="D:\vivado\project\C_code\convolution"><\/item>
<item  id="116" filename="conv_1/conv.c" linenumber="25" name="add_ln25_27" contextFuncName="convolutional" moduleName="convolutional" rtlName="add_ln25_27_fu_893_p2" latency="0" BRAM="-1" DSP="-1" FF="0" LUT="13" fileDirectory="D:\vivado\project\C_code\convolution"><\/item>
<item  id="117" filename="conv_1/conv.c" linenumber="25" name="zext_ln25_19" contextFuncName="convolutional" moduleName="convolutional" rtlName="zext_ln25_19_fu_965_p1" latency="0" BRAM="-1" DSP="-1" FF="-1" LUT="-1" fileDirectory="D:\vivado\project\C_code\convolution"><\/item>
<item  id="119" filename="conv_1/conv.c" linenumber="25" name="add_ln25_28" contextFuncName="convolutional" moduleName="convolutional" rtlName="add_ln25_28_fu_898_p2" latency="0" BRAM="-1" DSP="-1" FF="0" LUT="13" fileDirectory="D:\vivado\project\C_code\convolution"><\/item>
<item  id="120" filename="conv_1/conv.c" linenumber="25" name="zext_ln25_20" contextFuncName="convolutional" moduleName="convolutional" rtlName="zext_ln25_20_fu_903_p1" latency="0" BRAM="-1" DSP="-1" FF="-1" LUT="-1" fileDirectory="D:\vivado\project\C_code\convolution"><\/item>
<item  id="122" filename="conv_1/conv.c" linenumber="25" name="add_ln25_29" contextFuncName="convolutional" moduleName="convolutional" rtlName="add_ln25_29_fu_908_p2" latency="0" BRAM="-1" DSP="-1" FF="0" LUT="13" fileDirectory="D:\vivado\project\C_code\convolution"><\/item>
<item  id="123" filename="conv_1/conv.c" linenumber="25" name="zext_ln25_21" contextFuncName="convolutional" moduleName="convolutional" rtlName="zext_ln25_21_fu_923_p1" latency="0" BRAM="-1" DSP="-1" FF="-1" LUT="-1" fileDirectory="D:\vivado\project\C_code\convolution"><\/item>
<item  id="125" filename="conv_1/conv.c" linenumber="25" name="add_ln25_30" contextFuncName="convolutional" moduleName="convolutional" rtlName="add_ln25_30_fu_689_p2" latency="0" BRAM="-1" DSP="-1" FF="0" LUT="15" fileDirectory="D:\vivado\project\C_code\convolution"><\/item>
<item  id="126" filename="conv_1/conv.c" linenumber="25" name="sext_ln25_1" contextFuncName="convolutional" moduleName="convolutional" rtlName="sext_ln25_1_fu_694_p1" latency="0" BRAM="-1" DSP="-1" FF="-1" LUT="-1" fileDirectory="D:\vivado\project\C_code\convolution"><\/item>
<item  id="127" filename="conv_1/conv.c" linenumber="25" name="trunc_ln25" contextFuncName="convolutional" moduleName="convolutional" rtlName="trunc_ln25_fu_698_p1" latency="0" BRAM="-1" DSP="-1" FF="-1" LUT="-1" fileDirectory="D:\vivado\project\C_code\convolution"><\/item>
<item  id="128" filename="conv_1/conv.c" linenumber="25" name="p_shl1_cast" contextFuncName="convolutional" moduleName="convolutional" rtlName="p_shl1_cast_fu_702_p3" latency="0" BRAM="-1" DSP="-1" FF="-1" LUT="-1" fileDirectory="D:\vivado\project\C_code\convolution"><\/item>
<item  id="129" filename="conv_1/conv.c" linenumber="25" name="add_ln25_31" contextFuncName="convolutional" moduleName="convolutional" rtlName="add_ln25_31_fu_710_p2" latency="0" BRAM="-1" DSP="-1" FF="0" LUT="15" fileDirectory="D:\vivado\project\C_code\convolution"><\/item>
<item  id="130" filename="conv_1/conv.c" linenumber="25" name="zext_ln25_22" contextFuncName="convolutional" moduleName="convolutional" rtlName="zext_ln25_22_fu_716_p1" latency="0" BRAM="-1" DSP="-1" FF="-1" LUT="-1" fileDirectory="D:\vivado\project\C_code\convolution"><\/item>
<item  id="132" filename="conv_1/conv.c" linenumber="25" name="add_ln25_32" contextFuncName="convolutional" moduleName="convolutional" rtlName="add_ln25_32_fu_769_p2" latency="0" BRAM="-1" DSP="-1" FF="0" LUT="15" fileDirectory="D:\vivado\project\C_code\convolution"><\/item>
<item  id="133" filename="conv_1/conv.c" linenumber="25" name="zext_ln25_23" contextFuncName="convolutional" moduleName="convolutional" rtlName="zext_ln25_23_fu_774_p1" latency="0" BRAM="-1" DSP="-1" FF="-1" LUT="-1" fileDirectory="D:\vivado\project\C_code\convolution"><\/item>
<item  id="135" filename="conv_1/conv.c" linenumber="25" name="add_ln25_33" contextFuncName="convolutional" moduleName="convolutional" rtlName="add_ln25_33_fu_927_p2" latency="0" BRAM="-1" DSP="-1" FF="0" LUT="15" fileDirectory="D:\vivado\project\C_code\convolution"><\/item>
<item  id="136" filename="conv_1/conv.c" linenumber="25" name="zext_ln25_24" contextFuncName="convolutional" moduleName="convolutional" rtlName="zext_ln25_24_fu_932_p1" latency="0" BRAM="-1" DSP="-1" FF="-1" LUT="-1" fileDirectory="D:\vivado\project\C_code\convolution"><\/item>
<item  id="138" filename="conv_1/conv.c" linenumber="25" name="add_ln25_34" contextFuncName="convolutional" moduleName="convolutional" rtlName="add_ln25_34_fu_941_p2" latency="0" BRAM="-1" DSP="-1" FF="0" LUT="15" fileDirectory="D:\vivado\project\C_code\convolution"><\/item>
<item  id="139" filename="conv_1/conv.c" linenumber="25" name="zext_ln25_25" contextFuncName="convolutional" moduleName="convolutional" rtlName="zext_ln25_25_fu_946_p1" latency="0" BRAM="-1" DSP="-1" FF="-1" LUT="-1" fileDirectory="D:\vivado\project\C_code\convolution"><\/item>
<item  id="141" filename="conv_1/conv.c" linenumber="25" name="add_ln25_35" contextFuncName="convolutional" moduleName="convolutional" rtlName="add_ln25_35_fu_788_p2" latency="0" BRAM="-1" DSP="-1" FF="0" LUT="15" fileDirectory="D:\vivado\project\C_code\convolution"><\/item>
<item  id="142" filename="conv_1/conv.c" linenumber="25" name="zext_ln25_26" contextFuncName="convolutional" moduleName="convolutional" rtlName="zext_ln25_26_fu_793_p1" latency="0" BRAM="-1" DSP="-1" FF="-1" LUT="-1" fileDirectory="D:\vivado\project\C_code\convolution"><\/item>
<item  id="144" filename="conv_1/conv.c" linenumber="25" name="add_ln25_36" contextFuncName="convolutional" moduleName="convolutional" rtlName="add_ln25_36_fu_832_p2" latency="0" BRAM="-1" DSP="-1" FF="0" LUT="15" fileDirectory="D:\vivado\project\C_code\convolution"><\/item>
<item  id="145" filename="conv_1/conv.c" linenumber="25" name="zext_ln25_27" contextFuncName="convolutional" moduleName="convolutional" rtlName="zext_ln25_27_fu_837_p1" latency="0" BRAM="-1" DSP="-1" FF="-1" LUT="-1" fileDirectory="D:\vivado\project\C_code\convolution"><\/item>
<item  id="147" filename="conv_1/conv.c" linenumber="25" name="add_ln25_37" contextFuncName="convolutional" moduleName="convolutional" rtlName="add_ln25_37_fu_955_p2" latency="0" BRAM="-1" DSP="-1" FF="0" LUT="15" fileDirectory="D:\vivado\project\C_code\convolution"><\/item>
<item  id="148" filename="conv_1/conv.c" linenumber="25" name="zext_ln25_28" contextFuncName="convolutional" moduleName="convolutional" rtlName="zext_ln25_28_fu_960_p1" latency="0" BRAM="-1" DSP="-1" FF="-1" LUT="-1" fileDirectory="D:\vivado\project\C_code\convolution"><\/item>
<item  id="150" filename="conv_1/conv.c" linenumber="25" name="add_ln25_38" contextFuncName="convolutional" moduleName="convolutional" rtlName="add_ln25_38_fu_851_p2" latency="0" BRAM="-1" DSP="-1" FF="0" LUT="15" fileDirectory="D:\vivado\project\C_code\convolution"><\/item>
<item  id="151" filename="conv_1/conv.c" linenumber="25" name="zext_ln25_29" contextFuncName="convolutional" moduleName="convolutional" rtlName="zext_ln25_29_fu_856_p1" latency="0" BRAM="-1" DSP="-1" FF="-1" LUT="-1" fileDirectory="D:\vivado\project\C_code\convolution"><\/item>
<item  id="153" filename="conv_1/conv.c" linenumber="25" name="add_ln25_39" contextFuncName="convolutional" moduleName="convolutional" rtlName="add_ln25_39_fu_913_p2" latency="0" BRAM="-1" DSP="-1" FF="0" LUT="15" fileDirectory="D:\vivado\project\C_code\convolution"><\/item>
<item  id="154" filename="conv_1/conv.c" linenumber="25" name="zext_ln25_30" contextFuncName="convolutional" moduleName="convolutional" rtlName="zext_ln25_30_fu_918_p1" latency="0" BRAM="-1" DSP="-1" FF="-1" LUT="-1" fileDirectory="D:\vivado\project\C_code\convolution"><\/item>
<item  id="158" filename="conv_1/conv.c" linenumber="25" name="mul_ln25" contextFuncName="convolutional" moduleName="convolutional" rtlName="grp_fu_419_p2" latency="0" BRAM="-1" DSP="3" FF="0" LUT="20" fileDirectory="D:\vivado\project\C_code\convolution"><\/item>
<item  id="161" filename="conv_1/conv.c" linenumber="25" name="mul_ln25_1" contextFuncName="convolutional" moduleName="convolutional" rtlName="grp_fu_425_p2" latency="0" BRAM="-1" DSP="3" FF="0" LUT="20" fileDirectory="D:\vivado\project\C_code\convolution"><\/item>
<item  id="164" filename="conv_1/conv.c" linenumber="25" name="mul_ln25_2" contextFuncName="convolutional" moduleName="convolutional" rtlName="grp_fu_419_p2" latency="0" BRAM="-1" DSP="3" FF="0" LUT="20" fileDirectory="D:\vivado\project\C_code\convolution"><\/item>
<item  id="167" filename="conv_1/conv.c" linenumber="25" name="mul_ln25_3" contextFuncName="convolutional" moduleName="convolutional" rtlName="grp_fu_425_p2" latency="0" BRAM="-1" DSP="3" FF="0" LUT="20" fileDirectory="D:\vivado\project\C_code\convolution"><\/item>
<item  id="170" filename="conv_1/conv.c" linenumber="25" name="mul_ln25_4" contextFuncName="convolutional" moduleName="convolutional" rtlName="grp_fu_419_p2" latency="0" BRAM="-1" DSP="3" FF="0" LUT="20" fileDirectory="D:\vivado\project\C_code\convolution"><\/item>
<item  id="173" filename="conv_1/conv.c" linenumber="25" name="mul_ln25_5" contextFuncName="convolutional" moduleName="convolutional" rtlName="grp_fu_425_p2" latency="0" BRAM="-1" DSP="3" FF="0" LUT="20" fileDirectory="D:\vivado\project\C_code\convolution"><\/item>
<item  id="176" filename="conv_1/conv.c" linenumber="25" name="mul_ln25_6" contextFuncName="convolutional" moduleName="convolutional" rtlName="mul_ln25_6_fu_969_p2" latency="0" BRAM="-1" DSP="3" FF="0" LUT="20" fileDirectory="D:\vivado\project\C_code\convolution"><\/item>
<item  id="179" filename="conv_1/conv.c" linenumber="25" name="mul_ln25_7" contextFuncName="convolutional" moduleName="convolutional" rtlName="grp_fu_419_p2" latency="0" BRAM="-1" DSP="3" FF="0" LUT="20" fileDirectory="D:\vivado\project\C_code\convolution"><\/item>
<item  id="182" filename="conv_1/conv.c" linenumber="25" name="mul_ln25_8" contextFuncName="convolutional" moduleName="convolutional" rtlName="grp_fu_425_p2" latency="0" BRAM="-1" DSP="3" FF="0" LUT="20" fileDirectory="D:\vivado\project\C_code\convolution"><\/item>
<item  id="183" filename="conv_1/conv.c" linenumber="25" name="add_ln25_4" contextFuncName="convolutional" moduleName="convolutional" rtlName="grp_fu_439_p2" latency="0" BRAM="-1" DSP="-1" FF="0" LUT="39" fileDirectory="D:\vivado\project\C_code\convolution"><\/item>
<item  id="184" filename="conv_1/conv.c" linenumber="25" name="add_ln25_5" contextFuncName="convolutional" moduleName="convolutional" rtlName="add_ln25_5_fu_974_p2" latency="0" BRAM="-1" DSP="-1" FF="0" LUT="32" fileDirectory="D:\vivado\project\C_code\convolution"><\/item>
<item  id="185" filename="conv_1/conv.c" linenumber="25" name="add_ln25_6" contextFuncName="convolutional" moduleName="convolutional" rtlName="add_ln25_6_fu_980_p2" latency="0" BRAM="-1" DSP="-1" FF="0" LUT="32" fileDirectory="D:\vivado\project\C_code\convolution"><\/item>
<item  id="186" filename="conv_1/conv.c" linenumber="25" name="add_ln25_7" contextFuncName="convolutional" moduleName="convolutional" rtlName="grp_fu_439_p2" latency="0" BRAM="-1" DSP="-1" FF="0" LUT="39" fileDirectory="D:\vivado\project\C_code\convolution"><\/item>
<item  id="187" filename="conv_1/conv.c" linenumber="25" name="add_ln25_8" contextFuncName="convolutional" moduleName="convolutional" rtlName="grp_fu_439_p2" latency="0" BRAM="-1" DSP="-1" FF="0" LUT="39" fileDirectory="D:\vivado\project\C_code\convolution"><\/item>
<item  id="188" filename="conv_1/conv.c" linenumber="25" name="add_ln25_9" contextFuncName="convolutional" moduleName="convolutional" rtlName="add_ln25_9_fu_985_p2" latency="0" BRAM="-1" DSP="-1" FF="0" LUT="32" fileDirectory="D:\vivado\project\C_code\convolution"><\/item>
<item  id="189" filename="conv_1/conv.c" linenumber="25" name="add_ln25_10" contextFuncName="convolutional" moduleName="convolutional" rtlName="add_ln25_10_fu_989_p2" latency="0" BRAM="-1" DSP="-1" FF="0" LUT="32" fileDirectory="D:\vivado\project\C_code\convolution"><\/item>
<item  id="190" filename="conv_1/conv.c" linenumber="25" name="add_ln25_11" contextFuncName="convolutional" moduleName="convolutional" rtlName="add_ln25_11_fu_994_p2" latency="0" BRAM="-1" DSP="-1" FF="0" LUT="32" fileDirectory="D:\vivado\project\C_code\convolution"><\/item>
<item  id="191" filename="conv_1/conv.c" linenumber="25" name="temp" contextFuncName="convolutional" moduleName="convolutional" rtlName="temp_fu_999_p2" latency="0" BRAM="-1" DSP="-1" FF="0" LUT="32" fileDirectory="D:\vivado\project\C_code\convolution"><\/item>
<item  id="195" filename="conv_1/conv.c" linenumber="30" name="trunc_ln30" contextFuncName="convolutional" moduleName="convolutional" rtlName="trunc_ln30_fu_1005_p1" latency="0" BRAM="-1" DSP="-1" FF="-1" LUT="-1" fileDirectory="D:\vivado\project\C_code\convolution"><\/item>
<item  id="196" filename="conv_1/conv.c" linenumber="30" name="trunc_ln30_1" contextFuncName="convolutional" moduleName="convolutional" rtlName="trunc_ln30_1_fu_1009_p1" latency="0" BRAM="-1" DSP="-1" FF="-1" LUT="-1" fileDirectory="D:\vivado\project\C_code\convolution"><\/item>
<item  id="197" filename="conv_1/conv.c" linenumber="30" name="trunc_ln30_2" contextFuncName="convolutional" moduleName="convolutional" rtlName="trunc_ln30_2_fu_1013_p1" latency="0" BRAM="-1" DSP="-1" FF="-1" LUT="-1" fileDirectory="D:\vivado\project\C_code\convolution"><\/item>
<item  id="198" filename="conv_1/conv.c" linenumber="30" name="sext_ln30_2_cast" contextFuncName="convolutional" moduleName="convolutional" rtlName="sext_ln30_2_cast_fu_1017_p3" latency="0" BRAM="-1" DSP="-1" FF="-1" LUT="-1" fileDirectory="D:\vivado\project\C_code\convolution"><\/item>
<item  id="199" filename="conv_1/conv.c" linenumber="30" name="add_ln30" contextFuncName="convolutional" moduleName="convolutional" rtlName="add_ln30_fu_1025_p2" latency="0" BRAM="-1" DSP="-1" FF="0" LUT="15" fileDirectory="D:\vivado\project\C_code\convolution"><\/item>
<item  id="200" filename="conv_1/conv.c" linenumber="30" name="tmp_5_cast" contextFuncName="convolutional" moduleName="convolutional" rtlName="tmp_5_cast_fu_1031_p3" latency="0" BRAM="-1" DSP="-1" FF="-1" LUT="-1" fileDirectory="D:\vivado\project\C_code\convolution"><\/item>
<item  id="201" filename="conv_1/conv.c" linenumber="30" name="add_ln30_1" contextFuncName="convolutional" moduleName="convolutional" rtlName="add_ln30_1_fu_1039_p2" latency="0" BRAM="-1" DSP="-1" FF="0" LUT="13" fileDirectory="D:\vivado\project\C_code\convolution"><\/item>
<item  id="202" filename="conv_1/conv.c" linenumber="30" name="zext_ln30" contextFuncName="convolutional" moduleName="convolutional" rtlName="zext_ln30_fu_1045_p1" latency="0" BRAM="-1" DSP="-1" FF="-1" LUT="-1" fileDirectory="D:\vivado\project\C_code\convolution"><\/item>
<item  id="205" filename="conv_1/conv.c" linenumber="32" name="col" contextFuncName="convolutional" moduleName="convolutional" rtlName="col_fu_1050_p2" latency="0" BRAM="-1" DSP="-1" FF="0" LUT="39" fileDirectory="D:\vivado\project\C_code\convolution"><\/item>
<item  id="206" filename="conv_1/conv.c" linenumber="33" name="icmp_ln33" contextFuncName="convolutional" moduleName="convolutional" rtlName="icmp_ln33_fu_1056_p2" latency="0" BRAM="-1" DSP="-1" FF="0" LUT="18" fileDirectory="D:\vivado\project\C_code\convolution"><\/item>
<item  id="207" filename="conv_1/conv.c" linenumber="36" name="row" contextFuncName="convolutional" moduleName="convolutional" rtlName="row_fu_1062_p2" latency="0" BRAM="-1" DSP="-1" FF="0" LUT="39" fileDirectory="D:\vivado\project\C_code\convolution"><\/item>
<item  id="208" filename="conv_1/conv.c" linenumber="37" name="icmp_ln37" contextFuncName="convolutional" moduleName="convolutional" rtlName="icmp_ln37_fu_1068_p2" latency="0" BRAM="-1" DSP="-1" FF="0" LUT="18" fileDirectory="D:\vivado\project\C_code\convolution"><\/item>
<item  id="209" filename="conv_1/conv.c" linenumber="40" name="ch" contextFuncName="convolutional" moduleName="convolutional" rtlName="ch_fu_1074_p2" latency="0" BRAM="-1" DSP="-1" FF="0" LUT="39" fileDirectory="D:\vivado\project\C_code\convolution"><\/item>
<item  id="210" filename="conv_1/conv.c" linenumber="37" name="select_ln37" contextFuncName="convolutional" moduleName="convolutional" rtlName="select_ln37_fu_1080_p3" latency="0" BRAM="-1" DSP="-1" FF="0" LUT="32" fileDirectory="D:\vivado\project\C_code\convolution"><\/item>
<item  id="211" filename="conv_1/conv.c" linenumber="37" name="select_ln37_1" contextFuncName="convolutional" moduleName="convolutional" rtlName="select_ln37_1_fu_1088_p3" latency="0" BRAM="-1" DSP="-1" FF="0" LUT="32" fileDirectory="D:\vivado\project\C_code\convolution"><\/item>
<item  id="212" filename="conv_1/conv.c" linenumber="33" name="select_ln33" contextFuncName="convolutional" moduleName="convolutional" rtlName="select_ln33_fu_1096_p3" latency="0" BRAM="-1" DSP="-1" FF="0" LUT="32" fileDirectory="D:\vivado\project\C_code\convolution"><\/item>
<item  id="213" filename="conv_1/conv.c" linenumber="33" name="select_ln33_1" contextFuncName="convolutional" moduleName="convolutional" rtlName="select_ln33_1_fu_1104_p3" latency="0" BRAM="-1" DSP="-1" FF="0" LUT="32" fileDirectory="D:\vivado\project\C_code\convolution"><\/item>
<item  id="214" filename="conv_1/conv.c" linenumber="33" name="select_ln33_2" contextFuncName="convolutional" moduleName="convolutional" rtlName="select_ln33_2_fu_1112_p3" latency="0" BRAM="-1" DSP="-1" FF="0" LUT="32" fileDirectory="D:\vivado\project\C_code\convolution"><\/item>
<item  id="216" filename="conv_1/conv.c" linenumber="18" name="add_ln18" contextFuncName="convolutional" moduleName="convolutional" rtlName="add_ln18_fu_1120_p2" latency="0" BRAM="-1" DSP="-1" FF="0" LUT="14" fileDirectory="D:\vivado\project\C_code\convolution"><\/item>
<item  id="217" filename="conv_1/conv.c" linenumber="18" name="select_ln18" contextFuncName="convolutional" moduleName="convolutional" rtlName="select_ln18_fu_1126_p3" latency="0" BRAM="-1" DSP="-1" FF="0" LUT="10" fileDirectory="D:\vivado\project\C_code\convolution"><\/item>
<\/annotationInfo>
</annotationInfo>
