<?xml version="1.0" encoding="utf-8"?>
<xd:acceleratorMap xmlns:xd="http://www.xilinx.com/xidane" xd:functionName="convolutional" xd:componentRef="convolutional" xd:initiationInterval="24680" xd:clockPeriod="10.000" xd:sequential="true" xd:hostMachine="64" xd:reset="control">
  <xd:controlReg xd:name="control" xd:interfaceRef="ap_ctrl" xd:busTypeRef="acc_handshake" xd:type="acc_handshake"/>
  <xd:arg xd:name="image_r_q0" xd:originalName="image_r_q0" xd:direction="in" xd:interfaceRef="image_r_q0" xd:busTypeRef="ap_memory" xd:arraySize="1" xd:dataWidth="32"/>
  <xd:arg xd:name="image_r_q1" xd:originalName="image_r_q1" xd:direction="in" xd:interfaceRef="image_r_q1" xd:busTypeRef="ap_memory" xd:arraySize="1" xd:dataWidth="32"/>
  <xd:arg xd:name="kernal_q0" xd:originalName="kernal_q0" xd:direction="in" xd:interfaceRef="kernal_q0" xd:busTypeRef="ap_memory" xd:arraySize="1" xd:dataWidth="32"/>
  <xd:arg xd:name="kernal_q1" xd:originalName="kernal_q1" xd:direction="in" xd:interfaceRef="kernal_q1" xd:busTypeRef="ap_memory" xd:arraySize="1" xd:dataWidth="32"/>
  <xd:arg xd:name="out_r_d0" xd:originalName="out_r_d0" xd:direction="out" xd:interfaceRef="out_r_d0" xd:busTypeRef="ap_memory" xd:arraySize="1" xd:dataWidth="32"/>
  <xd:latencyEstimates xd:best-case="24679" xd:worst-case="24679" xd:average-case="24679"/>
  <xd:resourceEstimates xd:LUT="1440" xd:FF="608" xd:BRAM="0" xd:DSP="6"/>
</xd:acceleratorMap>
