{
  "Top": "convolutional",
  "RtlTop": "convolutional",
  "RtlPrefix": "",
  "SourceLanguage": "c",
  "ResetStyle": "control",
  "GenerateBdFiles": "0",
  "HostMachineBits": "64",
  "Target": {
    "Family": "zynq",
    "Device": "xc7z020",
    "Package": "-clg484",
    "Speed": "-1"
  },
  "HlsSolution": {"Config": [
      "config_sdx -optimization_level=none",
      "config_sdx -target=none",
      "config_export -format=ip_catalog",
      "config_export -rtl=verilog",
      "config_export -vivado_optimization_level=2"
    ]},
  "Args": {
    "image": {
      "index": "0",
      "type": {
        "kinds": ["array"],
        "dataType": "int",
        "dataWidth": "32",
        "arraySizes": [
          "3",
          "18",
          "18"
        ],
        "interfaceRef": "s_axi_CONTROL_BUS",
        "memoryRef": "image_r"
      }
    },
    "kernal": {
      "index": "1",
      "type": {
        "kinds": ["array"],
        "dataType": "int",
        "dataWidth": "32",
        "arraySizes": [
          "3",
          "3",
          "3",
          "3"
        ],
        "interfaceRef": "s_axi_CONTROL_BUS",
        "memoryRef": "kernal"
      }
    },
    "out": {
      "index": "2",
      "type": {
        "kinds": ["array"],
        "dataType": "int",
        "dataWidth": "32",
        "arraySizes": [
          "3",
          "16",
          "16"
        ],
        "interfaceRef": "s_axi_CONTROL_BUS",
        "memoryRef": "out_r"
      }
    }
  },
  "Return": {
    
  },
  "ClockInfo": {
    "ClockName": "ap_clk",
    "ClockPeriod": "10",
    "IsCombLogic": "0",
    "II": "x",
    "Latency": "25345",
    "Uncertainty": "1.25"
  },
  "Xdc": {"OocClocks": ["create_clock -name ap_clk -period 10.000 [get_ports ap_clk]"]},
  "Ipx": {
    "Vendor": "xilinx.com",
    "Library": "hls",
    "Name": "convolutional",
    "Version": "1.0",
    "DisplayName": "Convolutional",
    "Revision": "",
    "Description": "An IP generated by Vivado HLS",
    "Taxonomy": "\/VIVADO_HLS_IP",
    "AutoFamilySupport": ""
  },
  "Files": {
    "CSource": ["..\/conv.c"],
    "Vhdl": [
      "impl\/vhdl\/convolutional_CONTROL_BUS_s_axi.vhd",
      "impl\/vhdl\/convolutional.vhd"
    ],
    "Verilog": [
      "impl\/verilog\/convolutional_CONTROL_BUS_s_axi.v",
      "impl\/verilog\/convolutional.v"
    ],
    "SwDriver": [
      "impl\/misc\/drivers\/convolutional_v1_0\/data\/convolutional.mdd",
      "impl\/misc\/drivers\/convolutional_v1_0\/data\/convolutional.tcl",
      "impl\/misc\/drivers\/convolutional_v1_0\/src\/Makefile",
      "impl\/misc\/drivers\/convolutional_v1_0\/src\/xconvolutional.c",
      "impl\/misc\/drivers\/convolutional_v1_0\/src\/xconvolutional.h",
      "impl\/misc\/drivers\/convolutional_v1_0\/src\/xconvolutional_hw.h",
      "impl\/misc\/drivers\/convolutional_v1_0\/src\/xconvolutional_linux.c",
      "impl\/misc\/drivers\/convolutional_v1_0\/src\/xconvolutional_sinit.c"
    ],
    "Misc": ["impl\/misc\/logo.png"],
    "DesignXml": "D:\/vivado\/project\/C_code\/convolution\/conv_1\/solution1\/.autopilot\/db\/convolutional.design.xml",
    "DebugDir": "D:\/vivado\/project\/C_code\/convolution\/conv_1\/solution1\/.debug",
    "ProtoInst": ["D:\/vivado\/project\/C_code\/convolution\/conv_1\/solution1\/.debug\/convolutional.protoinst"]
  },
  "SubcoreInfo": {
    "HasXpmMemory": false,
    "HasClockedDsp": false,
    "IP": []
  },
  "Interfaces": {
    "ap_clk": {
      "type": "clock",
      "ctype": {"CLK": {"Type": "bool"}},
      "bundle_name": "ap_clk",
      "bundle_role": "default",
      "buses": "s_axi_CONTROL_BUS",
      "reset": "ap_rst_n"
    },
    "ap_rst_n": {
      "type": "reset",
      "polarity": "ACTIVE_LOW",
      "ctype": {"RST": {"Type": "bool"}},
      "bundle_name": "ap_rst_n",
      "bundle_role": "default"
    },
    "interrupt": {
      "type": "interrupt",
      "ctype": {"INTERRUPT": {"Type": "bool"}},
      "bundle_name": "CONTROL_BUS",
      "bundle_role": "interrupt"
    },
    "s_axi_CONTROL_BUS": {
      "type": "axi4lite",
      "is_adaptor": "true",
      "mode": "slave",
      "port_prefix": "s_axi_CONTROL_BUS",
      "param_prefix": "C_S_AXI_CONTROL_BUS",
      "addr_bits": "14",
      "registers": [
        {
          "offset": "0x00",
          "name": "CTRL",
          "access": "RW",
          "reset_value": "0x0",
          "description": "Control signals",
          "fields": [
            {
              "offset": "0",
              "width": "1",
              "name": "AP_START",
              "access": "RW",
              "reset_value": "0",
              "description": "Control signal Register for 'ap_start'."
            },
            {
              "offset": "1",
              "width": "1",
              "name": "AP_DONE",
              "access": "R",
              "reset_value": "0",
              "description": "Control signal Register for 'ap_done'."
            },
            {
              "offset": "2",
              "width": "1",
              "name": "AP_IDLE",
              "access": "R",
              "reset_value": "0",
              "description": "Control signal Register for 'ap_idle'."
            },
            {
              "offset": "3",
              "width": "1",
              "name": "AP_READY",
              "access": "R",
              "reset_value": "0",
              "description": "Control signal Register for 'ap_ready'."
            },
            {
              "offset": "4",
              "width": "3",
              "name": "RESERVED_1",
              "access": "R",
              "reset_value": "0",
              "description": "Reserved.  0s on read."
            },
            {
              "offset": "7",
              "width": "1",
              "name": "AUTO_RESTART",
              "access": "RW",
              "reset_value": "0",
              "description": "Control signal Register for 'auto_restart'."
            },
            {
              "offset": "8",
              "width": "24",
              "name": "RESERVED_2",
              "access": "R",
              "reset_value": "0",
              "description": "Reserved.  0s on read."
            }
          ]
        },
        {
          "offset": "0x04",
          "name": "GIER",
          "access": "RW",
          "reset_value": "0x0",
          "description": "Global Interrupt Enable Register",
          "fields": [
            {
              "offset": "0",
              "width": "1",
              "name": "Enable",
              "access": "RW",
              "reset_value": "0",
              "description": "Master enable for the device interrupt output to the system interrupt controller: 0 = Disabled, 1 = Enabled"
            },
            {
              "offset": "1",
              "width": "31",
              "name": "RESERVED",
              "access": "R",
              "reset_value": "0",
              "description": "Reserved.  0s on read."
            }
          ]
        },
        {
          "offset": "0x08",
          "name": "IP_IER",
          "access": "RW",
          "reset_value": "0x0",
          "description": "IP Interrupt Enable Register",
          "fields": [
            {
              "offset": "0",
              "width": "1",
              "name": "CHAN0_INT_EN",
              "access": "RW",
              "reset_value": "0",
              "description": "Enable Channel 0 (ap_done) Interrupt.  0 = Disabled, 1 = Enabled."
            },
            {
              "offset": "1",
              "width": "1",
              "name": "CHAN1_INT_EN",
              "access": "RW",
              "reset_value": "0",
              "description": "Enable Channel 1 (ap_ready) Interrupt.  0 = Disabled, 1 = Enabled."
            },
            {
              "offset": "2",
              "width": "30",
              "name": "RESERVED",
              "access": "R",
              "reset_value": "0",
              "description": "Reserved.  0s on read."
            }
          ]
        },
        {
          "offset": "0x0c",
          "name": "IP_ISR",
          "access": "RW",
          "reset_value": "0x0",
          "description": "IP Interrupt Status Register",
          "fields": [
            {
              "offset": "0",
              "width": "1",
              "name": "CHAN0_INT_ST",
              "access": "RTOW",
              "reset_value": "0",
              "description": "Channel 0 (ap_done) Interrupt Status. 0 = No Channel 0 input interrupt, 1 = Channel 0 input interrup"
            },
            {
              "offset": "1",
              "width": "1",
              "name": "CHAN1_INT_ST",
              "access": "RTOW",
              "reset_value": "0",
              "description": "Channel 1 (ap_ready) Interrupt Status. 0 = No Channel 1 input interrupt, 1 = Channel 1 input interrup"
            },
            {
              "offset": "2",
              "width": "30",
              "name": "RESERVED",
              "access": "R",
              "reset_value": "0",
              "description": "Reserved.  0s on read."
            }
          ]
        }
      ],
      "memories": {
        "image_r": {
          "offset": "4096",
          "range": "4096"
        },
        "kernal": {
          "offset": "8192",
          "range": "512"
        },
        "out_r": {
          "offset": "12288",
          "range": "4096"
        }
      },
      "ctype": {
        "AWVALID": {"Type": "bool"},
        "AWREADY": {"Type": "bool"},
        "WVALID": {"Type": "bool"},
        "WREADY": {"Type": "bool"},
        "BVALID": {"Type": "bool"},
        "BREADY": {"Type": "bool"},
        "BRESP": {
          "Type": "integer unsigned",
          "Width": "2"
        },
        "ARVALID": {"Type": "bool"},
        "ARREADY": {"Type": "bool"},
        "RVALID": {"Type": "bool"},
        "RREADY": {"Type": "bool"},
        "RRESP": {
          "Type": "integer unsigned",
          "Width": "2"
        },
        "AWADDR": {
          "Type": "integer unsigned",
          "Width": "14"
        },
        "WDATA": {
          "Type": "integer signed",
          "Width": "32"
        },
        "WSTRB": {
          "Type": "integer unsigned",
          "Width": "4"
        },
        "ARADDR": {
          "Type": "integer unsigned",
          "Width": "14"
        },
        "RDATA": {
          "Type": "integer signed",
          "Width": "32"
        }
      },
      "data_width": "32",
      "port_width": {
        "ARADDR": "14",
        "AWADDR": "14",
        "RDATA": "32",
        "WDATA": "32",
        "WSTRB": "4"
      }
    }
  },
  "RtlPorts": {
    "s_axi_CONTROL_BUS_AWVALID": {
      "dir": "in",
      "width": "1"
    },
    "s_axi_CONTROL_BUS_AWREADY": {
      "dir": "out",
      "width": "1"
    },
    "s_axi_CONTROL_BUS_AWADDR": {
      "dir": "in",
      "width": "14"
    },
    "s_axi_CONTROL_BUS_WVALID": {
      "dir": "in",
      "width": "1"
    },
    "s_axi_CONTROL_BUS_WREADY": {
      "dir": "out",
      "width": "1"
    },
    "s_axi_CONTROL_BUS_WDATA": {
      "dir": "in",
      "width": "32"
    },
    "s_axi_CONTROL_BUS_WSTRB": {
      "dir": "in",
      "width": "4"
    },
    "s_axi_CONTROL_BUS_ARVALID": {
      "dir": "in",
      "width": "1"
    },
    "s_axi_CONTROL_BUS_ARREADY": {
      "dir": "out",
      "width": "1"
    },
    "s_axi_CONTROL_BUS_ARADDR": {
      "dir": "in",
      "width": "14"
    },
    "s_axi_CONTROL_BUS_RVALID": {
      "dir": "out",
      "width": "1"
    },
    "s_axi_CONTROL_BUS_RREADY": {
      "dir": "in",
      "width": "1"
    },
    "s_axi_CONTROL_BUS_RDATA": {
      "dir": "out",
      "width": "32"
    },
    "s_axi_CONTROL_BUS_RRESP": {
      "dir": "out",
      "width": "2"
    },
    "s_axi_CONTROL_BUS_BVALID": {
      "dir": "out",
      "width": "1"
    },
    "s_axi_CONTROL_BUS_BREADY": {
      "dir": "in",
      "width": "1"
    },
    "s_axi_CONTROL_BUS_BRESP": {
      "dir": "out",
      "width": "2"
    },
    "ap_clk": {
      "dir": "in",
      "width": "1"
    },
    "ap_rst_n": {
      "dir": "in",
      "width": "1"
    },
    "interrupt": {
      "dir": "out",
      "width": "1",
      "isVector": "true"
    }
  },
  "ModuleInfo": {
    "Hierarchy": {"ModuleName": "convolutional"},
    "Info": {"convolutional": {
        "FunctionProtocol": "ap_ctrl_hs",
        "isTaskLevelControl": "1",
        "isPipelined": "0",
        "isCombinational": "0",
        "isOneStateSeq": "0"
      }},
    "Metrics": {"convolutional": {
        "Latency": {
          "LatencyBest": "25345",
          "LatencyAvg": "25345",
          "LatencyWorst": "25345",
          "PipelineII": "25346",
          "PipelineDepth": "",
          "PipelineType": "none"
        },
        "Timing": {
          "Target": "10.00",
          "Uncertainty": "1.25",
          "Estimate": "8.742"
        },
        "Loops": [{
            "Name": "convolutional_label0_convolutional_label1_convolutional_label2",
            "TripCount": "768",
            "Latency": "25344",
            "PipelineII": "",
            "PipelineDepth": "33",
            "Loops": [{
                "Name": "convolutional_label3",
                "TripCount": "3",
                "Latency": "30",
                "PipelineII": "9",
                "PipelineDepth": "13"
              }]
          }],
        "Area": {
          "BRAM_18K": "6",
          "DSP48E": "9",
          "FF": "959",
          "LUT": "1759",
          "URAM": "0"
        }
      }}
  },
  "Sdx": {
    "Target": "none",
    "ProfileOption": "0",
    "ProfileType": "none",
    "XO": "",
    "KernelName": "convolutional",
    "EnableXoSwEmu": "1"
  },
  "GenData": {
    "DataVersion": "0.2",
    "Time": "2019-12-20 23:25:46 -0800",
    "ToolName": "vivado_hls",
    "ToolVersion": "2019.1"
  }
}
