<?xml version="1.0" encoding="UTF-8"?>
<GenRun Id="impl_1" LaunchPart="xc7z020clg484-1" LaunchTime="1576469288">
  <File Type="BITSTR-BMM" Name="convolutional_bd.bmm"/>
  <File Type="OPT-METHODOLOGY-DRC" Name="convolutional_methodology_drc_opted.rpt"/>
  <File Type="INIT-TIMING" Name="convolutional_timing_summary_init.rpt"/>
  <File Type="ROUTE-PWR" Name="convolutional_power_routed.rpt"/>
  <File Type="PA-TCL" Name="convolutional.tcl"/>
  <File Type="OPT-TIMING" Name="convolutional_timing_summary_opted.rpt"/>
  <File Type="OPT-DCP" Name="convolutional_opt.dcp"/>
  <File Type="ROUTE-PWR-SUM" Name="convolutional_power_summary_routed.pb"/>
  <File Type="REPORTS-TCL" Name="convolutional_reports.tcl"/>
  <File Type="OPT-DRC" Name="convolutional_drc_opted.rpt"/>
  <File Type="OPT-HWDEF" Name="convolutional.hwdef"/>
  <File Type="PWROPT-DCP" Name="convolutional_pwropt.dcp"/>
  <File Type="PWROPT-DRC" Name="convolutional_drc_pwropted.rpt"/>
  <File Type="PWROPT-TIMING" Name="convolutional_timing_summary_pwropted.rpt"/>
  <File Type="PLACE-DCP" Name="convolutional_placed.dcp"/>
  <File Type="PLACE-IO" Name="convolutional_io_placed.rpt"/>
  <File Type="PLACE-CLK" Name="convolutional_clock_utilization_placed.rpt"/>
  <File Type="PLACE-UTIL" Name="convolutional_utilization_placed.rpt"/>
  <File Type="PLACE-UTIL-PB" Name="convolutional_utilization_placed.pb"/>
  <File Type="PLACE-CTRL" Name="convolutional_control_sets_placed.rpt"/>
  <File Type="PLACE-SIMILARITY" Name="convolutional_incremental_reuse_placed.rpt"/>
  <File Type="PLACE-PRE-SIMILARITY" Name="convolutional_incremental_reuse_pre_placed.rpt"/>
  <File Type="BG-BGN" Name="convolutional.bgn"/>
  <File Type="PLACE-TIMING" Name="convolutional_timing_summary_placed.rpt"/>
  <File Type="POSTPLACE-PWROPT-DCP" Name="convolutional_postplace_pwropt.dcp"/>
  <File Type="BG-BIN" Name="convolutional.bin"/>
  <File Type="POSTPLACE-PWROPT-TIMING" Name="convolutional_timing_summary_postplace_pwropted.rpt"/>
  <File Type="PHYSOPT-DCP" Name="convolutional_physopt.dcp"/>
  <File Type="PHYSOPT-DRC" Name="convolutional_drc_physopted.rpt"/>
  <File Type="BITSTR-MSK" Name="convolutional.msk"/>
  <File Type="PHYSOPT-TIMING" Name="convolutional_timing_summary_physopted.rpt"/>
  <File Type="ROUTE-ERROR-DCP" Name="convolutional_routed_error.dcp"/>
  <File Type="ROUTE-DCP" Name="convolutional_routed.dcp"/>
  <File Type="ROUTE-BLACKBOX-DCP" Name="convolutional_routed_bb.dcp"/>
  <File Type="ROUTE-DRC" Name="convolutional_drc_routed.rpt"/>
  <File Type="ROUTE-DRC-PB" Name="convolutional_drc_routed.pb"/>
  <File Type="BITSTR-LTX" Name="debug_nets.ltx"/>
  <File Type="BITSTR-LTX" Name="convolutional.ltx"/>
  <File Type="ROUTE-DRC-RPX" Name="convolutional_drc_routed.rpx"/>
  <File Type="BITSTR-MMI" Name="convolutional.mmi"/>
  <File Type="ROUTE-METHODOLOGY-DRC" Name="convolutional_methodology_drc_routed.rpt"/>
  <File Type="ROUTE-METHODOLOGY-DRC-RPX" Name="convolutional_methodology_drc_routed.rpx"/>
  <File Type="BITSTR-SYSDEF" Name="convolutional.sysdef"/>
  <File Type="ROUTE-METHODOLOGY-DRC-PB" Name="convolutional_methodology_drc_routed.pb"/>
  <File Type="ROUTE-PWR-RPX" Name="convolutional_power_routed.rpx"/>
  <File Type="ROUTE-STATUS" Name="convolutional_route_status.rpt"/>
  <File Type="ROUTE-STATUS-PB" Name="convolutional_route_status.pb"/>
  <File Type="ROUTE-TIMINGSUMMARY" Name="convolutional_timing_summary_routed.rpt"/>
  <File Type="ROUTE-TIMING-PB" Name="convolutional_timing_summary_routed.pb"/>
  <File Type="ROUTE-TIMING-RPX" Name="convolutional_timing_summary_routed.rpx"/>
  <File Type="ROUTE-SIMILARITY" Name="convolutional_incremental_reuse_routed.rpt"/>
  <File Type="ROUTE-CLK" Name="convolutional_clock_utilization_routed.rpt"/>
  <File Type="ROUTE-BUS-SKEW" Name="convolutional_bus_skew_routed.rpt"/>
  <File Type="ROUTE-BUS-SKEW-PB" Name="convolutional_bus_skew_routed.pb"/>
  <File Type="ROUTE-BUS-SKEW-RPX" Name="convolutional_bus_skew_routed.rpx"/>
  <File Type="POSTROUTE-PHYSOPT-DCP" Name="convolutional_postroute_physopt.dcp"/>
  <File Type="POSTROUTE-PHYSOPT-BLACKBOX-DCP" Name="convolutional_postroute_physopt_bb.dcp"/>
  <File Type="POSTROUTE-PHYSOPT-TIMING" Name="convolutional_timing_summary_postroute_physopted.rpt"/>
  <File Type="POSTROUTE-PHYSOPT-TIMING-PB" Name="convolutional_timing_summary_postroute_physopted.pb"/>
  <File Type="POSTROUTE-PHYSOPT-TIMING-RPX" Name="convolutional_timing_summary_postroute_physopted.rpx"/>
  <File Type="POSTROUTE-PHYSOPT-BUS-SKEW" Name="convolutional_bus_skew_postroute_physopted.rpt"/>
  <File Type="POSTROUTE-PHYSOPT-BUS-SKEW-PB" Name="convolutional_bus_skew_postroute_physopted.pb"/>
  <File Type="BG-BIT" Name="convolutional.bit"/>
  <File Type="POSTROUTE-PHYSOPT-BUS-SKEW-RPX" Name="convolutional_bus_skew_postroute_physopted.rpx"/>
  <File Type="BITSTR-RBT" Name="convolutional.rbt"/>
  <File Type="BITSTR-NKY" Name="convolutional.nky"/>
  <File Type="BG-DRC" Name="convolutional.drc"/>
  <File Type="RDI-RDI" Name="convolutional.vdi"/>
  <File Type="WBT-USG" Name="usage_statistics_webtalk.html"/>
  <FileSet Name="sources" Type="DesignSrcs" RelSrcDir="$PSRCDIR/sources_1">
    <Filter Type="Srcs"/>
    <File Path="$PPRDIR/../solution1/syn/verilog/convolutional.v">
      <FileInfo>
        <Attr Name="UsedIn" Val="synthesis"/>
        <Attr Name="UsedIn" Val="implementation"/>
        <Attr Name="UsedIn" Val="simulation"/>
      </FileInfo>
    </File>
    <File Path="$PSRCDIR/sources_1/bd/design_1/design_1.bd">
      <FileInfo>
        <Attr Name="AutoDisabled" Val="1"/>
        <Attr Name="UsedIn" Val="synthesis"/>
        <Attr Name="UsedIn" Val="implementation"/>
        <Attr Name="UsedIn" Val="simulation"/>
      </FileInfo>
    </File>
    <File Path="$PPRDIR/../conv.h">
      <FileInfo>
        <Attr Name="AutoDisabled" Val="1"/>
        <Attr Name="UsedIn" Val="synthesis"/>
        <Attr Name="UsedIn" Val="simulation"/>
      </FileInfo>
    </File>
    <Config>
      <Option Name="DesignMode" Val="RTL"/>
      <Option Name="TopModule" Val="convolutional"/>
      <Option Name="TopAutoSet" Val="TRUE"/>
    </Config>
  </FileSet>
  <FileSet Name="constrs_in" Type="Constrs" RelSrcDir="$PSRCDIR/constrs_1">
    <Filter Type="Constrs"/>
    <Config>
      <Option Name="ConstrsType" Val="XDC"/>
    </Config>
  </FileSet>
  <FileSet Name="utils" Type="Utils" RelSrcDir="$PSRCDIR/utils_1">
    <Filter Type="Utils"/>
    <Config>
      <Option Name="TopAutoSet" Val="TRUE"/>
    </Config>
  </FileSet>
  <Strategy Version="1" Minor="2">
    <StratHandle Name="Vivado Implementation Defaults" Flow="Vivado Implementation 2019">
      <Desc>Default settings for Implementation.</Desc>
    </StratHandle>
    <Step Id="init_design"/>
    <Step Id="opt_design"/>
    <Step Id="power_opt_design"/>
    <Step Id="place_design"/>
    <Step Id="post_place_power_opt_design"/>
    <Step Id="phys_opt_design"/>
    <Step Id="route_design"/>
    <Step Id="post_route_phys_opt_design"/>
    <Step Id="write_bitstream"/>
  </Strategy>
</GenRun>
