<?xml version="1.0" encoding="UTF-8"?>
<vivadoHLSLog:LogRoot xmlns:vivadoHLSLog="www.xilinx.com/vivadoHLSLog">
  <errorLogs>
    <logs>
      <synLog/>
      <simLog/>
      <mgLog/>
      <packageLog/>
      <csimLog/>
    </logs>
  </errorLogs>
  <warningLogs>
    <logs>
      <synLog>
        <logs message="WARNING: [SCHED 204-69] Unable to schedule 'load' operation ('kernal_load_1', conv_1/conv.c:25) on array 'kernal' due to limited memory ports. Please consider using a memory core with more ports or partitioning the array 'kernal'." projectName="conv_1" solutionName="solution1" date="2019-12-20T23:25:42.036-0800" type="Warning"/>
        <logs message="WARNING: [SYN 201-107] Renaming port name 'convolutional/out' to 'convolutional/out_r' to avoid the conflict with HDL keywords or other object names." projectName="conv_1" solutionName="solution1" date="2019-12-20T23:25:41.552-0800" type="Warning"/>
        <logs message="WARNING: [SYN 201-107] Renaming port name 'convolutional/image' to 'convolutional/image_r' to avoid the conflict with HDL keywords or other object names." projectName="conv_1" solutionName="solution1" date="2019-12-20T23:25:41.544-0800" type="Warning"/>
        <logs message="WARNING: [XFORM 203-542] Cannot flatten a loop nest 'convolutional_label2' (conv_1/conv.c:21:5) in function 'convolutional' : &#xD;&#xA;&#xD;&#xA;the outer loop is not a perfect loop because there is nontrivial logic in the loop latch." projectName="conv_1" solutionName="solution1" date="2019-12-20T23:25:41.160-0800" type="Warning"/>
        <logs message="WARNING: [HLS 200-484] The 'config_sdx -optimization_level' command is deprecated and will be removed in a future release." projectName="conv_1" solutionName="solution1" date="2019-12-20T23:25:32.716-0800" type="Warning"/>
        <logs message="WARNING: [HLS 200-483] The 'config_sdx -optimization_level' command is deprecated and will be removed in a future release. Use 'config_export -vivado_optimization_level' as its replacement." projectName="conv_1" solutionName="solution1" date="2019-12-20T23:25:32.658-0800" type="Warning"/>
      </synLog>
      <simLog/>
      <mgLog/>
      <packageLog/>
      <csimLog/>
    </logs>
  </warningLogs>
</vivadoHLSLog:LogRoot>
